athlete_id,session_id,sensor_id,timestamp_s,distance_cm,time_to_wall_s,speed_mps,pace_s_per_25m,th_early_cm,th_urgent_cm,th_safety_cm,safe_class,optimal_threshold_cm
A101,S900,SENS01,1,2391.5,22.71,1.053,23.74,213.7,140.7,63.9,Safe,100.9
A101,S900,SENS01,2,2280.2,21.05,1.083,23.08,211.5,122.8,70.4,Safe,96.6
A101,S900,SENS01,3,2172.8,20.36,1.067,23.43,211.1,125.3,75.1,Safe,101.7
A101,S900,SENS01,4,2061.1,18.63,1.106,22.6,201.0,111.5,69.0,Safe,89.8
A101,S900,SENS01,5,1953.2,18.32,1.066,23.44,199.3,116.8,64.6,Safe,92.1
A101,S900,SENS01,6,1850.9,17.61,1.051,23.78,212.0,124.6,68.4,Safe,96.4
A101,S900,SENS01,7,1737.7,14.82,1.173,21.32,207.4,139.1,70.8,Safe,106.3
A101,S900,SENS01,8,1625.0,14.47,1.123,22.26,209.6,112.0,71.7,Safe,86.5
A101,S900,SENS01,9,1514.9,14.38,1.053,23.73,194.8,116.8,66.4,Safe,92.0
A101,S900,SENS01,10,1400.9,12.57,1.115,22.43,212.0,137.3,70.0,Safe,104.5
A101,S900,SENS01,11,1290.7,11.82,1.092,22.89,210.6,120.0,59.3,Safe,89.1
A101,S900,SENS01,12,1179.4,10.84,1.088,22.99,189.3,129.3,61.8,Safe,94.7
A101,S900,SENS01,13,1061.3,9.35,1.135,22.03,204.8,129.9,60.0,Safe,96.1
A101,S900,SENS01,14,950.5,8.34,1.14,21.93,207.0,122.8,75.0,Safe,98.3
A101,S900,SENS01,15,847.9,7.87,1.077,23.22,195.9,135.6,66.9,Safe,103.9
A101,S900,SENS01,16,738.4,6.81,1.084,23.06,188.1,138.1,78.6,Safe,107.0
A101,S900,SENS01,17,638.6,6.3,1.014,24.65,187.5,136.6,67.7,Safe,101.5
A101,S900,SENS01,18,528.2,4.72,1.118,22.36,185.4,142.3,76.8,Safe,109.5
A101,S900,SENS01,19,420.3,3.95,1.063,23.51,207.7,142.6,64.4,Safe,103.3
A101,S900,SENS01,20,313.2,2.81,1.114,22.43,193.9,112.0,70.5,Safe,89.7
A101,S900,SENS01,21,201.1,1.82,1.104,22.65,190.5,137.9,70.3,Safe,103.3
A101,S900,SENS01,22,86.8,0.77,1.122,22.28,199.2,140.0,71.6,Urgent,106.8
A101,S900,SENS01,23,2480.3,23.09,1.074,23.28,186.3,116.1,69.1,Safe,93.0
A101,S900,SENS01,24,2374.3,21.86,1.086,23.02,206.0,141.6,79.6,Safe,111.3
A101,S900,SENS01,25,2260.8,20.89,1.082,23.1,198.0,130.1,68.2,Safe,98.2
A101,S900,SENS01,26,2153.0,20.03,1.075,23.26,208.2,140.8,70.9,Safe,104.7
A101,S900,SENS01,27,2050.8,21.07,0.973,25.68,188.3,121.5,79.9,Safe,101.3
A101,S900,SENS01,28,1942.1,17.38,1.118,22.37,189.2,135.4,79.3,Safe,107.0
A101,S900,SENS01,29,1830.8,16.31,1.123,22.27,195.9,111.3,76.7,Safe,92.2
A101,S900,SENS01,30,1721.6,15.69,1.097,22.78,192.2,139.1,73.6,Safe,105.8
A101,S900,SENS01,31,1615.5,15.26,1.059,23.62,187.9,135.0,77.1,Safe,107.4
A101,S900,SENS01,32,1506.9,14.17,1.063,23.51,206.7,110.7,62.1,Safe,84.9
A101,S900,SENS01,33,1398.5,13.36,1.046,23.89,212.2,136.9,61.5,Safe,100.8
A101,S900,SENS01,34,1283.3,11.6,1.107,22.59,205.8,111.5,75.8,Safe,94.3
A101,S900,SENS01,35,1168.9,10.14,1.152,21.69,189.2,117.6,74.1,Safe,97.0
A101,S900,SENS01,36,1047.4,9.0,1.164,21.47,190.8,134.9,72.4,Safe,104.1
A101,S900,SENS01,37,938.7,9.05,1.037,24.11,191.1,133.3,69.4,Safe,99.5
A101,S900,SENS01,38,824.1,6.93,1.19,21.02,214.2,116.3,74.0,Safe,93.2
A101,S900,SENS01,39,714.1,6.6,1.081,23.12,195.4,130.7,60.7,Safe,96.0
A101,S900,SENS01,40,614.6,5.89,1.044,23.95,210.0,114.1,68.1,Safe,91.2
A101,S900,SENS01,41,507.8,4.71,1.078,23.2,186.3,142.4,78.4,Safe,110.0
A101,S900,SENS01,42,391.3,3.4,1.149,21.75,209.9,135.0,63.4,Safe,101.3
A101,S900,SENS01,43,284.6,2.62,1.085,23.04,186.3,114.0,66.0,Safe,88.1
A101,S900,SENS01,44,169.3,1.51,1.122,22.27,189.0,142.5,75.7,Warning,109.0
A101,S900,SENS01,45,71.8,0.7,1.019,24.53,197.9,135.2,74.2,Urgent,102.7
A101,S900,SENS01,46,2462.2,22.12,1.113,22.46,192.2,128.8,61.8,Safe,95.7
A101,S900,SENS01,47,2355.2,22.19,1.062,23.55,203.5,116.2,76.6,Safe,93.4
A101,S900,SENS01,48,2236.2,19.13,1.169,21.38,201.4,129.7,55.3,Safe,92.1
A101,S900,SENS01,49,2127.5,19.02,1.118,22.35,191.3,115.4,67.4,Safe,91.2
A101,S900,SENS01,50,2016.9,17.75,1.136,22.0,185.7,119.0,65.3,Safe,93.5
A101,S900,SENS01,51,1908.9,17.46,1.093,22.86,210.0,134.9,63.9,Safe,98.0
A101,S900,SENS01,52,1805.3,16.68,1.082,23.1,194.6,130.7,70.3,Safe,100.4
A101,S900,SENS01,53,1702.2,15.96,1.067,23.44,187.1,141.7,66.2,Safe,104.1
A101,S900,SENS01,54,1596.7,14.78,1.08,23.15,194.2,116.2,67.1,Safe,89.9
A101,S900,SENS01,55,1491.4,14.08,1.059,23.61,203.9,142.4,63.9,Safe,103.9
A101,S900,SENS01,56,1381.6,12.59,1.097,22.78,192.9,113.5,75.0,Safe,95.3
A101,S900,SENS01,57,1276.7,12.35,1.034,24.18,197.0,131.5,65.9,Safe,98.1
A101,S900,SENS01,58,1171.0,11.44,1.023,24.43,196.3,131.3,70.5,Safe,102.1
A101,S900,SENS01,59,1064.5,9.62,1.107,22.59,215.0,144.9,72.4,Safe,107.4
A101,S900,SENS01,60,961.3,8.96,1.073,23.29,211.9,141.2,77.9,Safe,109.5
A101,S900,SENS01,61,853.2,8.15,1.047,23.89,209.5,113.2,77.2,Safe,95.7
A101,S900,SENS01,62,744.3,6.62,1.125,22.22,196.1,136.6,62.7,Safe,99.1
A101,S900,SENS01,63,635.7,5.62,1.131,22.1,191.2,118.2,69.9,Safe,93.3
A101,S900,SENS01,64,524.4,4.85,1.08,23.14,214.0,113.2,69.6,Safe,90.4
A101,S900,SENS01,65,414.5,3.71,1.117,22.37,211.2,118.3,64.5,Safe,91.0
A101,S900,SENS01,66,310.8,2.96,1.05,23.81,204.7,140.8,69.3,Safe,101.7
A101,S900,SENS01,67,197.2,1.72,1.147,21.8,188.5,136.7,68.3,Warning,103.9
A101,S900,SENS01,68,86.1,0.77,1.117,22.38,200.8,137.3,61.3,Urgent,100.9
A101,S900,SENS01,69,2470.8,21.78,1.134,22.04,197.6,129.9,56.0,Safe,92.7
A101,S900,SENS01,70,2357.6,21.18,1.113,22.46,202.7,141.3,66.2,Safe,104.1
A101,S900,SENS01,71,2246.5,20.42,1.1,22.73,194.0,126.2,67.4,Safe,96.4
A101,S900,SENS01,72,2128.5,18.15,1.173,21.32,208.3,144.5,74.7,Safe,110.7
A101,S900,SENS01,73,2017.1,18.15,1.112,22.49,198.4,120.7,55.4,Safe,87.2
A101,S900,SENS01,74,1911.2,18.81,1.016,24.61,186.5,117.9,64.1,Safe,92.2
A101,S900,SENS01,75,1799.6,15.97,1.127,22.18,191.5,137.1,76.2,Safe,108.1
A101,S900,SENS01,76,1700.7,16.85,1.009,24.77,206.5,144.9,68.8,Safe,105.5
A101,S900,SENS01,77,1594.1,14.78,1.079,23.17,195.9,113.2,56.1,Safe,84.7
A101,S900,SENS01,78,1472.7,12.6,1.169,21.38,207.9,126.3,56.8,Safe,91.7
A101,S900,SENS01,79,1366.9,12.5,1.093,22.87,207.6,111.8,57.1,Safe,85.7
A101,S900,SENS01,80,1254.5,11.19,1.121,22.31,214.1,129.2,55.2,Safe,92.5
A101,S900,SENS01,81,1146.9,10.26,1.118,22.37,186.8,112.4,57.4,Safe,84.8
A101,S900,SENS01,82,1037.8,9.51,1.092,22.9,205.6,119.9,71.9,Safe,96.9
A101,S900,SENS01,83,928.1,8.16,1.137,21.98,188.9,123.4,68.5,Safe,95.7
A101,S900,SENS01,84,824.3,7.79,1.058,23.64,186.7,142.8,77.6,Safe,114.2
A101,S900,SENS01,85,721.5,6.82,1.059,23.62,207.8,143.1,67.5,Safe,104.4
A101,S900,SENS01,86,611.2,5.56,1.1,22.73,191.7,110.1,66.2,Safe,87.4
A101,S900,SENS01,87,490.0,4.13,1.186,21.08,190.8,135.9,78.9,Safe,106.5
A101,S900,SENS01,88,383.2,3.42,1.12,22.32,198.0,139.9,65.6,Safe,101.5
A101,S900,SENS01,89,288.6,3.04,0.948,26.36,188.1,123.1,55.5,Safe,89.5
A101,S900,SENS01,90,183.8,1.67,1.098,22.77,202.5,119.9,62.3,Warning,88.1
A101,S900,SENS01,91,79.9,0.76,1.051,23.79,197.6,142.6,76.7,Urgent,108.2
A101,S900,SENS01,92,2471.3,22.82,1.083,23.09,193.6,133.1,57.3,Safe,97.1
A101,S900,SENS01,93,2353.7,19.23,1.224,20.42,198.9,141.0,66.6,Safe,102.4
A101,S900,SENS01,94,2246.5,20.91,1.074,23.27,204.3,131.8,74.0,Safe,101.3
A101,S900,SENS01,95,2137.2,19.06,1.122,22.29,198.3,138.4,57.6,Safe,95.2
A101,S900,SENS01,96,2022.3,18.03,1.122,22.29,198.7,115.4,79.9,Safe,100.1
A101,S900,SENS01,97,1916.0,18.57,1.032,24.23,185.6,126.8,73.4,Safe,101.1
A101,S900,SENS01,98,1800.2,15.86,1.135,22.03,186.0,118.4,64.3,Safe,92.7
A101,S900,SENS01,99,1690.3,15.81,1.069,23.39,191.7,120.1,76.2,Safe,99.6
A101,S900,SENS01,100,1580.3,13.78,1.147,21.8,211.0,111.4,79.0,Safe,95.7
A101,S900,SENS01,101,1481.7,14.36,1.032,24.22,196.0,135.2,66.9,Safe,101.1
A101,S900,SENS01,102,1372.2,12.84,1.069,23.4,186.6,112.7,74.7,Safe,95.5
A101,S900,SENS01,103,1260.8,11.6,1.087,23.0,187.9,127.9,76.1,Safe,99.9
A101,S900,SENS01,104,1158.2,10.79,1.074,23.28,185.7,127.8,61.7,Safe,94.8
A101,S900,SENS01,105,1050.9,9.73,1.08,23.14,188.1,141.8,58.7,Safe,98.0
A101,S900,SENS01,106,933.7,8.35,1.118,22.35,203.3,132.8,71.4,Safe,103.7
A101,S900,SENS01,107,818.8,7.44,1.101,22.71,202.2,144.6,65.7,Safe,102.9
A101,S900,SENS01,108,710.5,6.32,1.124,22.24,185.1,128.8,55.4,Safe,91.0
A101,S900,SENS01,109,601.1,5.56,1.081,23.13,209.1,118.2,65.0,Safe,91.5
A101,S900,SENS01,110,497.7,4.6,1.082,23.11,212.4,139.1,59.0,Safe,98.4
A101,S900,SENS01,111,386.2,3.53,1.094,22.85,196.7,131.8,72.9,Safe,103.8
A101,S900,SENS01,112,272.7,2.52,1.082,23.11,187.1,138.6,58.4,Safe,98.6
A101,S900,SENS01,113,167.1,1.58,1.055,23.7,190.9,126.8,61.9,Warning,94.3
A101,S900,SENS01,114,51.2,0.46,1.114,22.43,212.6,126.3,69.1,Urgent,100.1
A101,S900,SENS01,115,2434.4,21.17,1.15,21.74,208.1,110.0,62.5,Safe,88.4
A101,S900,SENS01,116,2328.8,22.44,1.038,24.08,189.5,126.5,55.6,Safe,89.9
A101,S900,SENS01,117,2224.9,20.72,1.074,23.28,195.4,129.9,58.9,Safe,92.6
A101,S900,SENS01,118,2113.5,19.33,1.094,22.86,211.5,136.3,61.6,Safe,99.0
A101,S900,SENS01,119,1998.2,17.88,1.118,22.36,188.0,126.5,69.2,Safe,94.1
A101,S900,SENS01,120,1891.3,17.01,1.112,22.49,190.9,137.3,66.4,Safe,101.1
A101,S900,SENS01,121,1784.7,16.49,1.083,23.09,195.1,127.7,67.3,Safe,97.5
A101,S900,SENS01,122,1670.7,14.75,1.133,22.07,202.5,126.0,69.6,Safe,96.5
A101,S900,SENS01,123,1558.0,13.68,1.139,21.95,208.6,113.5,65.1,Safe,91.5
A101,S900,SENS01,124,1449.6,13.18,1.1,22.73,189.8,135.4,75.9,Safe,106.8
A101,S900,SENS01,125,1337.6,11.72,1.141,21.91,210.4,128.7,75.8,Safe,103.6
A101,S900,SENS01,126,1242.0,12.43,0.999,25.02,208.6,127.9,59.4,Safe,92.3
A101,S900,SENS01,127,1129.7,9.81,1.152,21.71,193.6,138.2,56.4,Safe,100.0
A101,S900,SENS01,128,1028.0,10.03,1.024,24.4,206.2,118.5,59.4,Safe,86.8
A101,S900,SENS01,129,913.4,8.03,1.138,21.97,211.7,142.1,58.8,Safe,98.5
A101,S900,SENS01,130,807.4,7.44,1.086,23.02,207.6,137.7,74.7,Safe,107.8
A101,S900,SENS01,131,702.6,6.94,1.013,24.68,199.1,130.5,59.1,Safe,92.9
A101,S900,SENS01,132,586.7,5.09,1.152,21.69,197.5,121.5,78.0,Safe,98.8
A101,S900,SENS01,133,482.0,4.68,1.031,24.25,213.3,122.5,55.8,Safe,89.5
A101,S900,SENS01,134,371.6,3.38,1.099,22.74,199.8,138.0,62.7,Safe,98.0
A101,S900,SENS01,135,259.7,2.25,1.155,21.64,212.4,113.6,58.2,Safe,86.4
A101,S900,SENS01,136,152.6,1.43,1.067,23.42,186.7,114.8,58.5,Warning,87.8
A101,S900,SENS01,137,32.7,0.28,1.162,21.51,212.8,117.2,70.0,Urgent,92.6
A101,S900,SENS01,138,2415.8,21.06,1.147,21.8,188.4,120.0,61.6,Safe,92.1
A101,S900,SENS01,139,2307.8,20.35,1.134,22.05,194.0,126.8,68.0,Safe,95.6
A101,S900,SENS01,140,2196.7,18.99,1.157,21.61,193.0,111.1,65.0,Safe,89.6
A101,S900,SENS01,141,2085.4,18.09,1.153,21.68,191.6,135.7,56.6,Safe,96.1
A101,S900,SENS01,142,1979.5,19.31,1.025,24.39,211.7,138.5,79.0,Safe,108.2
A101,S900,SENS01,143,1874.0,17.35,1.08,23.15,187.5,116.9,78.7,Safe,97.3
A101,S900,SENS01,144,1764.9,16.33,1.081,23.13,214.3,116.8,62.3,Safe,90.4
A101,S900,SENS01,145,1664.7,16.5,1.009,24.77,186.5,143.4,59.5,Safe,100.7
A101,S900,SENS01,146,1551.2,14.16,1.096,22.82,194.8,121.8,78.0,Safe,98.6
A101,S900,SENS01,147,1440.3,12.84,1.121,22.29,209.5,118.0,71.6,Safe,93.3
A101,S900,SENS01,148,1332.3,11.77,1.132,22.09,194.3,137.4,74.9,Safe,106.0
A101,S900,SENS01,149,1232.0,11.97,1.03,24.28,211.1,122.8,77.2,Safe,98.7
A101,S900,SENS01,150,1118.2,9.76,1.146,21.82,197.1,131.0,71.2,Safe,102.7
A101,S900,SENS01,151,1005.5,9.34,1.076,23.23,214.1,119.9,71.4,Safe,95.8
A101,S900,SENS01,152,885.5,7.72,1.147,21.79,196.6,135.6,58.2,Safe,97.9
A101,S900,SENS01,153,778.5,7.35,1.06,23.59,190.3,124.7,61.0,Safe,93.1
A101,S900,SENS01,154,656.8,5.56,1.18,21.18,189.2,112.8,63.9,Safe,88.1
A101,S900,SENS01,155,536.1,4.6,1.165,21.46,213.6,140.8,76.6,Safe,107.6
A101,S900,SENS01,156,434.4,4.06,1.071,23.35,200.7,136.5,66.0,Safe,102.0
A101,S900,SENS01,157,315.2,2.73,1.154,21.67,214.8,129.8,76.5,Safe,104.2
A101,S900,SENS01,158,203.1,1.76,1.151,21.71,199.1,126.4,69.1,Safe,100.9
A101,S900,SENS01,159,93.3,0.87,1.073,23.29,202.6,114.8,69.1,Urgent,94.4
A101,S900,SENS01,160,2474.6,21.68,1.141,21.91,188.0,125.9,64.9,Safe,94.4
A101,S900,SENS01,161,2369.1,22.26,1.064,23.49,187.1,126.4,63.9,Safe,94.1
A101,S900,SENS01,162,2262.9,21.86,1.035,24.16,191.7,134.7,62.6,Safe,101.1
A101,S900,SENS01,163,2151.2,19.38,1.11,22.52,194.9,139.1,61.1,Safe,101.3
A101,S900,SENS01,164,2035.6,18.23,1.117,22.39,210.2,129.1,68.6,Safe,99.6
A101,S900,SENS01,165,1919.5,17.07,1.125,22.23,192.8,117.2,68.2,Safe,92.3
A101,S900,SENS01,166,1816.0,16.91,1.074,23.29,198.6,110.2,62.9,Safe,85.8
A101,S900,SENS01,167,1705.4,14.9,1.145,21.84,207.1,126.6,79.4,Safe,102.8
A101,S900,SENS01,168,1599.3,14.4,1.11,22.51,211.5,121.8,79.9,Safe,101.5
A101,S900,SENS01,169,1491.3,13.57,1.099,22.75,196.1,112.7,74.2,Safe,96.1
A101,S900,SENS01,170,1381.6,12.6,1.097,22.79,199.7,137.8,56.2,Safe,95.2
A101,S900,SENS01,171,1262.5,10.63,1.188,21.05,200.6,118.4,73.2,Safe,96.4
A101,S900,SENS01,172,1154.4,10.99,1.051,23.8,195.8,112.5,74.6,Safe,94.7
A101,S900,SENS01,173,1058.0,10.56,1.002,24.95,190.1,112.8,66.6,Safe,90.4
A101,S900,SENS01,174,949.7,8.71,1.091,22.92,209.8,132.8,55.5,Safe,92.9
A101,S900,SENS01,175,840.7,8.06,1.043,23.98,206.5,119.0,63.7,Safe,90.0
A101,S900,SENS01,176,729.9,6.72,1.087,23.01,188.7,144.4,62.3,Safe,104.9
A101,S900,SENS01,177,625.4,5.91,1.059,23.61,213.4,128.2,74.6,Safe,101.2
A101,S900,SENS01,178,516.1,4.67,1.104,22.64,186.2,114.2,72.4,Safe,95.3
A101,S900,SENS01,179,412.8,3.9,1.057,23.65,204.2,114.3,64.3,Safe,87.3
A101,S900,SENS01,180,292.0,2.52,1.158,21.59,188.3,112.4,77.2,Safe,95.8
A101,S900,SENS01,181,182.4,1.63,1.117,22.38,192.0,133.9,70.9,Warning,103.8
A101,S900,SENS01,182,71.4,0.65,1.096,22.81,188.7,118.1,55.5,Urgent,88.0
A101,S900,SENS01,183,2455.9,21.28,1.154,21.66,214.5,124.9,68.1,Safe,96.4
A101,S900,SENS01,184,2338.4,20.63,1.134,22.05,203.7,136.9,75.0,Safe,106.1
A101,S900,SENS01,185,2221.4,19.93,1.115,22.43,208.5,135.4,62.2,Safe,98.4
A101,S900,SENS01,186,2105.1,18.49,1.138,21.96,211.2,138.2,57.5,Safe,100.3
A101,S900,SENS01,187,1991.3,18.36,1.085,23.05,209.8,118.6,56.3,Safe,86.7
A101,S900,SENS01,188,1885.3,17.39,1.084,23.06,186.5,139.2,75.3,Safe,105.4
A101,S900,SENS01,189,1780.6,16.73,1.064,23.49,200.2,120.2,71.8,Safe,97.0
A101,S900,SENS01,190,1665.1,15.11,1.102,22.68,197.7,132.3,65.9,Safe,97.9
A101,S900,SENS01,191,1560.6,14.5,1.077,23.22,193.6,130.2,69.4,Safe,98.8
A101,S900,SENS01,192,1459.6,13.75,1.062,23.55,196.5,111.8,68.3,Safe,93.1
A101,S900,SENS01,193,1356.4,12.64,1.073,23.3,200.2,130.9,61.9,Safe,96.6
A101,S900,SENS01,194,1246.6,11.46,1.088,22.99,212.9,113.7,64.7,Safe,88.3
A101,S900,SENS01,195,1121.6,9.28,1.208,20.69,205.1,115.1,59.5,Safe,86.3
A101,S900,SENS01,196,1007.6,9.21,1.094,22.84,202.5,135.2,70.4,Safe,102.4
A101,S900,SENS01,197,879.9,7.12,1.236,20.22,202.6,126.5,69.6,Safe,96.8
A101,S900,SENS01,198,775.2,7.15,1.085,23.05,192.0,114.0,62.3,Safe,86.3
A101,S900,SENS01,199,671.1,6.14,1.093,22.87,207.1,132.0,59.0,Safe,97.9
A101,S900,SENS01,200,558.8,5.19,1.076,23.24,214.8,129.3,75.4,Safe,102.2
A101,S900,SENS01,201,453.3,4.14,1.096,22.82,185.8,142.4,57.9,Safe,102.5
A101,S900,SENS01,202,337.4,2.92,1.155,21.64,194.5,136.4,59.5,Safe,98.4
A101,S900,SENS01,203,232.9,2.24,1.04,24.04,211.5,134.9,68.9,Safe,101.5
A101,S900,SENS01,204,119.8,1.09,1.098,22.77,214.1,130.4,71.2,Warning,101.4
A101,S900,SENS01,205,7.2,0.06,1.152,21.71,193.8,131.0,69.9,Urgent,101.3
A101,S900,SENS01,206,2397.9,21.69,1.105,22.62,200.0,124.6,58.8,Safe,92.6
A101,S900,SENS01,207,2276.3,19.36,1.176,21.27,209.5,116.9,57.7,Safe,87.1
A101,S900,SENS01,208,2169.0,19.42,1.117,22.38,202.3,132.9,79.2,Safe,107.1
A101,S900,SENS01,209,2057.9,19.15,1.074,23.27,205.0,114.2,69.6,Safe,91.7
A101,S900,SENS01,210,1961.8,19.76,0.993,25.18,195.3,126.4,62.6,Safe,93.1
A101,S900,SENS01,211,1846.5,16.29,1.134,22.05,211.3,129.2,58.1,Safe,92.1
A101,S900,SENS01,212,1739.9,16.13,1.079,23.18,214.5,119.5,60.7,Safe,90.6
A101,S900,SENS01,213,1639.4,15.81,1.037,24.11,195.1,132.0,68.4,Safe,97.9
A101,S900,SENS01,214,1529.2,13.32,1.148,21.78,191.9,141.5,72.4,Safe,105.5
A101,S900,SENS01,215,1432.5,14.14,1.013,24.67,188.1,131.2,56.9,Safe,96.3
A101,S900,SENS01,216,1326.8,12.41,1.069,23.38,201.8,139.1,70.6,Safe,104.8
A101,S900,SENS01,217,1212.7,10.97,1.105,22.62,203.5,143.9,62.5,Safe,105.9
A101,S900,SENS01,218,1109.7,10.29,1.078,23.19,198.0,134.8,78.2,Safe,106.1
A101,S900,SENS01,219,986.1,8.18,1.205,20.74,203.8,120.0,61.0,Safe,92.9
A101,S900,SENS01,220,887.3,8.68,1.023,24.45,196.2,140.4,67.5,Safe,104.4
A101,S900,SENS01,221,763.9,6.37,1.2,20.84,185.2,134.9,55.8,Safe,96.5
A101,S900,SENS01,222,654.1,5.78,1.131,22.11,188.5,134.7,76.1,Safe,104.2
A101,S900,SENS01,223,538.8,4.83,1.117,22.39,206.4,136.5,69.4,Safe,103.6
A101,S900,SENS01,224,430.7,3.97,1.085,23.04,189.7,142.1,73.0,Safe,110.4
A101,S900,SENS01,225,321.8,2.84,1.134,22.04,208.7,127.9,59.8,Safe,90.9
A101,S900,SENS01,226,217.0,2.03,1.071,23.35,209.9,141.7,73.3,Safe,108.4
A101,S900,SENS01,227,109.0,0.98,1.106,22.6,199.4,121.0,76.8,Warning,97.9
A101,S900,SENS01,228,0.7,0.01,1.124,22.25,192.4,142.0,62.9,Urgent,101.6
A101,S900,SENS01,229,2393.9,22.74,1.053,23.75,197.6,141.6,74.7,Safe,108.4
A101,S900,SENS01,230,2275.9,20.14,1.13,22.12,205.1,114.9,78.2,Safe,96.2
A101,S900,SENS01,231,2152.9,18.17,1.185,21.1,186.9,119.1,68.3,Safe,94.2
A101,S900,SENS01,232,2041.1,18.88,1.081,23.12,207.9,121.8,67.0,Safe,94.4
A101,S900,SENS01,233,1932.0,17.41,1.11,22.52,210.4,115.4,59.2,Safe,85.5
A101,S900,SENS01,234,1820.8,16.17,1.126,22.21,213.3,138.6,68.9,Safe,103.6
A101,S900,SENS01,235,1713.2,15.62,1.097,22.79,189.5,138.0,71.4,Safe,104.0
A101,S900,SENS01,236,1597.3,14.03,1.139,21.95,210.3,133.4,74.1,Safe,105.7
A101,S900,SENS01,237,1475.9,12.56,1.176,21.27,187.0,143.0,58.5,Safe,100.4
A101,S900,SENS01,238,1364.7,12.19,1.119,22.33,187.7,111.3,61.9,Safe,88.1
A101,S900,SENS01,239,1262.3,11.88,1.062,23.53,197.4,119.9,69.1,Safe,95.3
A101,S900,SENS01,240,1147.2,10.04,1.142,21.89,206.8,127.4,69.8,Safe,99.0
A101,S900,SENS01,241,1039.6,9.51,1.093,22.88,209.5,140.2,63.6,Safe,102.2
A101,S900,SENS01,242,933.0,8.69,1.074,23.27,201.7,123.5,59.5,Safe,91.2
A101,S900,SENS01,243,824.6,7.4,1.114,22.45,204.5,130.6,72.3,Safe,101.7
A101,S900,SENS01,244,711.0,6.44,1.104,22.65,213.2,118.6,63.2,Safe,92.4
A101,S900,SENS01,245,591.8,4.99,1.185,21.1,193.5,135.5,58.2,Safe,99.3
A101,S900,SENS01,246,483.5,4.44,1.089,22.95,211.9,121.2,72.7,Safe,99.4
A101,S900,SENS01,247,369.8,3.34,1.108,22.56,193.9,120.3,57.3,Safe,89.7
A101,S900,SENS01,248,263.9,2.52,1.047,23.88,204.4,128.4,74.4,Safe,102.6
A101,S900,SENS01,249,143.0,1.19,1.204,20.76,187.6,129.9,75.5,Warning,102.9
A101,S900,SENS01,250,31.4,0.29,1.092,22.9,203.4,137.9,78.8,Urgent,111.1
A101,S900,SENS01,251,2414.7,21.06,1.147,21.8,194.2,127.4,63.2,Safe,95.9
A101,S900,SENS01,252,2299.4,20.31,1.132,22.09,208.6,135.0,70.2,Safe,105.3
A101,S900,SENS01,253,2180.8,18.63,1.17,21.36,205.4,110.6,77.2,Safe,93.0
A101,S900,SENS01,254,2069.1,18.82,1.1,22.73,212.4,112.4,79.3,Safe,96.4
A101,S900,SENS01,255,1954.4,17.18,1.137,21.98,187.4,126.9,59.9,Safe,92.6
A101,S900,SENS01,256,1837.3,15.43,1.191,20.99,197.2,126.6,64.1,Safe,96.0
A101,S900,SENS01,257,1718.0,15.1,1.138,21.97,205.5,114.6,59.4,Safe,85.3
A101,S900,SENS01,258,1609.9,14.73,1.093,22.87,186.4,115.0,66.6,Safe,92.1
A101,S900,SENS01,259,1506.4,14.61,1.031,24.24,201.9,125.6,55.8,Safe,91.4
A101,S900,SENS01,260,1402.2,13.12,1.069,23.4,212.7,134.4,65.6,Safe,100.9
A101,S900,SENS01,261,1291.4,12.04,1.073,23.3,192.3,132.8,64.3,Safe,99.6
A101,S900,SENS01,262,1188.9,11.49,1.034,24.17,213.1,112.5,68.3,Safe,89.7
A101,S900,SENS01,263,1072.9,9.67,1.109,22.53,197.2,110.9,69.1,Safe,90.7
A101,S900,SENS01,264,952.7,8.08,1.18,21.19,185.1,126.2,64.0,Safe,91.3
A101,S900,SENS01,265,847.2,8.07,1.05,23.81,192.3,143.4,65.9,Safe,103.4
A101,S900,SENS01,266,734.8,6.57,1.118,22.36,212.5,114.8,72.4,Safe,94.5
A101,S900,SENS01,267,618.5,5.55,1.114,22.45,214.0,137.4,77.4,Safe,109.0
A101,S900,SENS01,268,515.3,4.83,1.068,23.41,199.5,132.6,65.3,Safe,97.6
A101,S900,SENS01,269,406.0,3.58,1.133,22.06,186.7,142.7,60.4,Safe,101.6
A101,S900,SENS01,270,286.6,2.43,1.178,21.23,191.5,141.0,69.1,Safe,103.2
A101,S900,SENS01,271,184.9,1.73,1.068,23.4,208.7,115.4,80.0,Warning,97.1
A101,S900,SENS01,272,84.1,0.81,1.033,24.21,205.0,142.2,76.5,Urgent,107.9
A101,S900,SENS01,273,2470.5,21.93,1.126,22.2,196.9,130.2,59.6,Safe,93.2
A101,S900,SENS01,274,2360.0,21.55,1.095,22.83,205.4,131.4,64.9,Safe,96.8
A101,S900,SENS01,275,2244.4,20.2,1.111,22.5,206.9,144.0,77.3,Safe,112.3
A101,S900,SENS01,276,2140.2,20.01,1.07,23.37,204.8,122.6,69.3,Safe,97.7
A101,S900,SENS01,277,2025.3,18.3,1.107,22.59,213.8,143.5,77.0,Safe,107.4
A101,S900,SENS01,278,1909.7,17.09,1.117,22.38,189.3,110.7,68.6,Safe,88.2
A101,S900,SENS01,279,1796.1,16.03,1.12,22.31,212.9,144.1,61.1,Safe,100.5
A101,S900,SENS01,280,1692.9,15.94,1.062,23.54,212.0,128.7,76.1,Safe,102.3
A101,S900,SENS01,281,1593.9,15.38,1.036,24.12,205.3,121.9,68.0,Safe,93.9
A101,S900,SENS01,282,1480.5,13.58,1.09,22.93,206.0,121.3,68.0,Safe,93.6
A101,S900,SENS01,283,1372.9,13.09,1.049,23.84,205.1,113.5,67.7,Safe,90.5
A101,S900,SENS01,284,1265.0,11.55,1.096,22.82,208.8,131.9,61.9,Safe,95.6
A101,S900,SENS01,285,1157.5,10.86,1.065,23.46,201.3,140.0,58.1,Safe,96.5
A101,S900,SENS01,286,1046.3,9.53,1.098,22.77,201.1,112.6,64.4,Safe,87.8
A101,S900,SENS01,287,943.3,8.88,1.063,23.52,205.4,116.4,76.9,Safe,98.2
A101,S900,SENS01,288,835.5,7.87,1.061,23.56,190.1,145.0,76.2,Safe,109.3
A101,S900,SENS01,289,720.0,6.31,1.142,21.9,208.2,128.4,76.1,Safe,102.5
A101,S900,SENS01,290,615.0,5.65,1.088,22.97,190.4,122.5,64.6,Safe,92.6
A101,S900,SENS01,291,510.6,4.87,1.048,23.86,213.3,136.8,57.7,Safe,96.7
A101,S900,SENS01,292,391.4,3.43,1.14,21.93,210.2,132.0,66.1,Safe,100.8
A101,S900,SENS01,293,275.0,2.37,1.162,21.52,194.3,134.2,71.4,Safe,100.9
A101,S900,SENS01,294,167.1,1.47,1.133,22.06,187.9,122.5,56.2,Warning,90.1
A101,S900,SENS01,295,56.7,0.5,1.133,22.06,212.9,119.7,58.1,Urgent,87.0
A101,S900,SENS01,296,2442.1,21.18,1.153,21.68,194.7,119.4,68.4,Safe,93.7
A101,S900,SENS01,297,2329.9,21.13,1.103,22.68,194.5,121.8,73.1,Safe,102.0
A101,S900,SENS01,298,2230.0,21.34,1.045,23.92,196.2,132.9,68.7,Safe,101.4
A101,S900,SENS01,299,2111.0,18.18,1.161,21.53,196.9,124.3,63.3,Safe,94.5
A101,S900,SENS01,300,1992.0,16.62,1.199,20.85,208.0,124.5,69.5,Safe,97.5
A101,S900,SENS01,301,1886.0,17.13,1.101,22.71,194.8,139.2,68.5,Safe,102.8
A101,S900,SENS01,302,1784.7,17.26,1.034,24.18,192.9,137.9,74.2,Safe,106.0
A101,S900,SENS01,303,1681.6,16.4,1.025,24.39,205.2,135.2,72.7,Safe,102.3
A101,S900,SENS01,304,1574.8,14.04,1.121,22.3,199.6,129.2,60.0,Safe,96.2
A101,S900,SENS01,305,1475.1,14.59,1.011,24.73,200.6,139.3,57.7,Safe,100.2
A101,S900,SENS01,306,1368.7,13.19,1.038,24.1,205.2,118.1,66.0,Safe,94.0
A101,S900,SENS01,307,1255.5,11.46,1.096,22.82,192.4,119.2,58.2,Safe,86.4
A101,S900,SENS01,308,1147.2,10.77,1.065,23.47,206.8,129.2,62.3,Safe,94.1
A101,S900,SENS01,309,1044.3,9.76,1.07,23.36,191.6,111.1,78.1,Safe,95.4
A101,S900,SENS01,310,933.0,8.17,1.141,21.91,208.8,135.9,68.3,Safe,101.3
A101,S900,SENS01,311,815.2,6.83,1.194,20.95,210.8,111.1,70.7,Safe,91.9
A101,S900,SENS01,312,706.6,6.71,1.052,23.76,209.6,141.2,74.2,Safe,105.9
A101,S900,SENS01,313,603.5,5.58,1.082,23.1,185.1,123.2,75.8,Safe,100.1
A101,S900,SENS01,314,493.7,4.55,1.086,23.01,202.7,125.6,65.9,Safe,95.7
A101,S900,SENS01,315,389.4,3.7,1.053,23.75,195.8,133.2,73.6,Safe,102.1
A101,S900,SENS01,316,286.2,2.66,1.077,23.22,206.6,131.4,58.5,Safe,95.4
A101,S900,SENS01,317,185.5,1.75,1.057,23.65,213.5,128.8,69.7,Warning,98.0
A101,S900,SENS01,318,81.1,0.77,1.058,23.63,187.2,124.7,67.8,Urgent,97.4
A101,S900,SENS01,319,2483.0,25.32,0.981,25.49,197.3,128.4,76.3,Safe,102.0
A101,S900,SENS01,320,2371.9,20.78,1.142,21.9,201.5,137.0,63.3,Safe,101.8
A101,S900,SENS01,321,2260.2,20.37,1.11,22.53,213.3,139.7,79.4,Safe,110.5
A101,S900,SENS01,322,2151.9,20.62,1.044,23.95,212.5,126.0,64.6,Safe,91.8
A101,S900,SENS01,323,2037.4,18.33,1.111,22.5,195.8,117.9,58.8,Safe,88.0
A101,S900,SENS01,324,1932.2,17.87,1.081,23.12,213.6,131.6,55.3,Safe,92.4
A101,S900,SENS01,325,1833.2,18.38,0.997,25.07,198.5,132.6,67.2,Safe,100.5
A101,S900,SENS01,326,1724.6,16.26,1.06,23.58,210.2,134.4,68.7,Safe,100.2
A101,S900,SENS01,327,1625.5,16.45,0.988,25.3,185.3,120.4,69.0,Safe,93.9
A101,S900,SENS01,328,1518.0,14.36,1.057,23.65,194.1,114.7,78.0,Safe,98.0
A101,S900,SENS01,329,1415.7,13.47,1.051,23.79,189.6,118.0,74.1,Safe,96.7
A101,S900,SENS01,330,1299.3,11.55,1.124,22.23,204.7,120.9,69.1,Safe,95.0
A101,S900,SENS01,331,1190.3,11.29,1.054,23.71,191.7,136.3,60.2,Safe,97.7
A101,S900,SENS01,332,1075.7,9.66,1.113,22.46,188.3,122.6,56.5,Safe,88.9
A101,S900,SENS01,333,961.0,8.78,1.095,22.83,203.3,129.8,72.6,Safe,102.7
A101,S900,SENS01,334,855.0,8.02,1.067,23.44,214.3,137.5,58.3,Safe,98.2
A101,S900,SENS01,335,753.2,7.21,1.044,23.94,197.9,130.7,60.4,Safe,95.0
A101,S900,SENS01,336,649.5,6.0,1.082,23.1,201.1,143.9,63.3,Safe,103.9
A101,S900,SENS01,337,535.9,4.79,1.119,22.34,213.9,112.7,76.2,Safe,95.1
A101,S900,SENS01,338,433.5,4.35,0.996,25.11,212.3,131.0,75.0,Safe,101.9
A101,S900,SENS01,339,322.0,3.01,1.068,23.4,190.3,111.9,64.5,Safe,90.0
A101,S900,SENS01,340,217.6,2.06,1.055,23.7,200.7,143.0,72.8,Safe,106.3
A101,S900,SENS01,341,105.5,0.97,1.083,23.09,211.2,138.8,66.4,Warning,99.5
A101,S900,SENS01,342,8.0,0.08,1.022,24.47,200.1,124.1,73.5,Urgent,99.0
A101,S900,SENS01,343,2391.3,20.7,1.155,21.64,203.8,124.6,60.9,Safe,91.9
A101,S900,SENS01,344,2281.9,20.41,1.118,22.36,200.2,122.3,62.7,Safe,90.0
A101,S900,SENS01,345,2171.3,19.89,1.092,22.9,185.5,117.0,66.2,Safe,88.9
A101,S900,SENS01,346,2060.3,19.39,1.062,23.53,206.8,110.2,76.1,Safe,93.7
A101,S900,SENS01,347,1948.3,18.25,1.068,23.42,209.5,125.9,77.7,Safe,102.2
A101,S900,SENS01,348,1838.3,16.38,1.122,22.28,191.6,113.1,67.7,Safe,90.5
A101,S900,SENS01,349,1737.7,16.68,1.042,24.0,203.3,125.1,66.8,Safe,96.3
A101,S900,SENS01,350,1638.8,15.92,1.03,24.28,210.9,123.9,66.0,Safe,94.6
A101,S900,SENS01,351,1543.3,15.48,0.997,25.07,205.6,131.6,56.3,Safe,93.7
A101,S900,SENS01,352,1440.4,13.65,1.056,23.68,202.7,114.6,59.4,Safe,86.5
A101,S900,SENS01,353,1337.6,12.79,1.046,23.9,201.2,112.8,77.3,Safe,93.9
A101,S900,SENS01,354,1228.3,11.62,1.057,23.64,209.7,137.3,69.4,Safe,103.7
A101,S900,SENS01,355,1123.5,10.84,1.037,24.12,203.6,137.2,62.5,Safe,98.1
A101,S900,SENS01,356,1010.4,9.13,1.106,22.6,200.1,122.1,58.9,Safe,90.9
A101,S900,SENS01,357,898.0,7.85,1.144,21.85,188.1,137.6,79.1,Safe,111.1
A101,S900,SENS01,358,778.4,6.64,1.172,21.32,202.5,125.4,77.6,Safe,100.9
A101,S900,SENS01,359,662.7,5.88,1.127,22.19,202.7,121.0,57.2,Safe,90.4
A101,S900,SENS01,360,555.5,4.92,1.129,22.15,200.1,138.6,72.7,Safe,104.4
A101,S900,SENS01,361,442.8,4.1,1.081,23.13,208.1,141.3,60.3,Safe,101.6
A101,S900,SENS01,362,342.9,3.33,1.029,24.29,200.9,131.9,55.7,Safe,97.4
A101,S900,SENS01,363,232.3,2.13,1.091,22.9,186.7,137.2,70.4,Safe,102.2
A101,S900,SENS01,364,117.8,1.02,1.15,21.74,211.2,127.6,58.0,Warning,91.3
A101,S900,SENS01,365,10.6,0.1,1.07,23.35,211.0,140.4,69.3,Urgent,107.8
A101,S900,SENS01,366,2401.5,22.09,1.087,22.99,190.2,112.7,61.7,Safe,88.1
A101,S900,SENS01,367,2295.7,21.33,1.076,23.23,196.7,128.4,78.1,Safe,103.2
A101,S900,SENS01,368,2189.2,20.33,1.077,23.22,211.4,139.0,56.3,Safe,97.1
A101,S900,SENS01,369,2080.4,19.4,1.072,23.31,196.3,122.9,62.1,Safe,91.8
A101,S900,SENS01,370,1970.3,18.69,1.054,23.72,201.2,116.9,76.3,Safe,98.0
A101,S900,SENS01,371,1860.6,16.45,1.131,22.1,199.9,114.1,57.5,Safe,86.4
A101,S900,SENS01,372,1749.0,15.78,1.109,22.55,213.4,144.7,60.7,Safe,101.7
A101,S900,SENS01,373,1647.1,15.55,1.059,23.6,199.6,136.7,67.8,Safe,102.5
A101,S900,SENS01,374,1539.2,14.75,1.043,23.96,186.5,118.6,67.5,Safe,89.9
A101,S900,SENS01,375,1436.2,13.3,1.08,23.15,188.0,133.9,68.3,Safe,101.8
A101,S900,SENS01,376,1335.1,12.67,1.054,23.72,187.3,133.6,68.5,Safe,98.8
A101,S900,SENS01,377,1224.7,11.24,1.089,22.95,209.8,138.2,76.9,Safe,106.8
A101,S900,SENS01,378,1116.3,10.02,1.114,22.44,192.2,113.8,76.1,Safe,96.5
A101,S900,SENS01,379,1017.4,9.81,1.037,24.1,211.6,130.8,78.4,Safe,103.6
A101,S900,SENS01,380,915.9,8.72,1.051,23.79,213.6,142.4,78.5,Safe,109.4
A101,S900,SENS01,381,811.5,7.58,1.07,23.37,208.2,115.8,75.2,Safe,95.4
A101,S900,SENS01,382,702.7,6.76,1.04,24.05,192.4,130.1,59.9,Safe,95.2
A101,S900,SENS01,383,601.1,5.69,1.057,23.65,199.1,122.0,59.4,Safe,92.5
A101,S900,SENS01,384,489.6,4.28,1.145,21.84,199.1,133.8,70.8,Safe,99.5
A101,S900,SENS01,385,381.7,3.56,1.072,23.33,202.8,139.5,73.9,Safe,104.2
A101,S900,SENS01,386,264.8,2.21,1.198,20.86,201.5,120.9,60.3,Safe,87.5
A101,S900,SENS01,387,158.9,1.46,1.086,23.02,201.8,133.2,66.1,Warning,100.9
A101,S900,SENS01,388,60.1,0.6,0.994,25.14,188.5,143.4,79.4,Urgent,114.0
A101,S900,SENS01,389,2453.3,23.25,1.055,23.69,192.5,132.3,56.4,Safe,95.7
A101,S900,SENS01,390,2348.0,22.24,1.056,23.68,197.9,136.4,59.1,Safe,96.6
A101,S900,SENS01,391,2234.8,19.58,1.141,21.91,191.7,124.0,77.3,Safe,100.0
A101,S900,SENS01,392,2126.3,20.18,1.053,23.73,191.8,130.8,61.2,Safe,95.1
A101,S900,SENS01,393,2022.8,19.08,1.06,23.58,201.0,121.9,59.8,Safe,92.7
A101,S900,SENS01,394,1921.7,18.32,1.049,23.83,205.5,130.1,76.9,Safe,104.9
A101,S900,SENS01,395,1822.9,17.7,1.03,24.27,196.7,119.6,71.6,Safe,95.8
A101,S900,SENS01,396,1736.6,19.33,0.899,27.82,192.8,116.0,71.7,Safe,93.7
A101,S900,SENS01,397,1649.9,18.11,0.911,27.44,192.7,114.9,65.2,Safe,90.3
A101,S900,SENS01,398,1541.7,13.79,1.118,22.36,197.5,113.1,77.4,Safe,96.1
A101,S900,SENS01,399,1436.8,13.08,1.099,22.76,197.1,139.2,58.1,Safe,97.1
A101,S900,SENS01,400,1327.1,11.93,1.112,22.48,205.4,110.8,60.0,Safe,83.8
A101,S900,SENS01,401,1221.8,11.35,1.076,23.23,195.9,124.9,65.5,Safe,98.1
A101,S900,SENS01,402,1107.7,10.03,1.104,22.65,189.5,127.1,79.2,Safe,102.6
A101,S900,SENS01,403,998.0,8.75,1.141,21.91,187.8,113.4,63.6,Safe,87.9
A101,S900,SENS01,404,892.2,8.75,1.019,24.53,206.8,130.0,62.1,Safe,99.3
A101,S900,SENS01,405,787.7,7.66,1.029,24.31,208.2,114.6,65.6,Safe,88.6
A101,S900,SENS01,406,675.9,5.81,1.163,21.5,191.1,121.7,55.5,Safe,87.3
A101,S900,SENS01,407,577.3,5.63,1.026,24.37,207.1,136.9,59.6,Safe,98.7
A101,S900,SENS01,408,477.1,4.53,1.053,23.75,193.6,133.2,70.7,Safe,100.0
A101,S900,SENS01,409,378.2,3.63,1.04,24.03,194.2,143.9,73.2,Safe,110.1
A101,S900,SENS01,410,272.0,2.5,1.09,22.94,193.6,114.1,55.1,Safe,86.2
A101,S900,SENS01,411,172.1,1.66,1.039,24.07,200.8,130.0,55.1,Warning,92.9
A101,S900,SENS01,412,65.7,0.59,1.115,22.42,200.3,118.3,63.4,Urgent,90.7
A101,S900,SENS01,413,2453.2,21.66,1.133,22.07,199.6,127.8,59.8,Safe,90.6
A101,S900,SENS01,414,2337.6,20.73,1.128,22.17,199.9,113.0,56.3,Safe,85.4
A101,S900,SENS01,415,2230.6,21.4,1.043,23.98,197.2,129.3,65.0,Safe,97.3
A101,S900,SENS01,416,2122.7,20.45,1.038,24.09,198.4,118.2,71.3,Safe,93.3
A101,S900,SENS01,417,2003.0,17.45,1.148,21.78,188.2,113.5,60.2,Safe,86.2
A101,S900,SENS01,418,1902.8,18.97,1.003,24.92,209.4,110.7,63.7,Safe,86.4
A101,S900,SENS01,419,1790.2,16.25,1.102,22.69,205.8,126.2,77.2,Safe,101.4
A101,S900,SENS01,420,1681.3,14.82,1.134,22.04,186.6,118.7,65.8,Safe,89.9
A101,S900,SENS01,421,1565.1,13.8,1.134,22.05,202.7,123.0,70.7,Safe,97.1
A101,S900,SENS01,422,1450.5,13.03,1.113,22.46,213.3,127.1,57.4,Safe,94.4
A101,S900,SENS01,423,1349.0,12.88,1.048,23.86,207.3,121.6,79.5,Safe,100.2
A101,S900,SENS01,424,1236.0,10.99,1.125,22.23,195.5,141.3,72.7,Safe,105.9
A101,S900,SENS01,425,1129.5,11.08,1.02,24.52,189.1,134.4,74.1,Safe,101.2
A101,S900,SENS01,426,1019.3,9.64,1.058,23.64,198.2,121.3,58.2,Safe,86.8
A101,S900,SENS01,427,919.9,8.9,1.033,24.2,208.1,128.9,72.0,Safe,100.1
A101,S900,SENS01,428,816.1,7.52,1.085,23.03,198.1,118.3,69.3,Safe,95.4
A101,S900,SENS01,429,702.2,6.24,1.126,22.21,200.6,133.8,65.7,Safe,103.0
A101,S900,SENS01,430,603.6,5.89,1.025,24.39,208.6,124.7,75.7,Safe,100.0
A101,S900,SENS01,431,495.4,4.72,1.049,23.82,190.8,142.5,59.5,Safe,99.4
A101,S900,SENS01,432,381.9,3.25,1.175,21.28,198.5,132.8,71.0,Safe,100.8
A101,S900,SENS01,433,271.0,2.45,1.106,22.6,211.9,127.0,72.9,Safe,101.3
A101,S900,SENS01,434,169.7,1.66,1.024,24.41,214.7,111.0,76.8,Warning,94.9
A101,S900,SENS01,435,61.3,0.54,1.125,22.21,214.9,116.7,57.3,Urgent,89.0
A101,S900,SENS01,436,2452.9,22.45,1.093,22.88,198.8,123.8,77.7,Safe,98.1
A101,S900,SENS01,437,2338.9,20.66,1.132,22.08,210.8,134.7,63.7,Safe,100.0
A101,S900,SENS01,438,2224.5,19.96,1.114,22.43,209.1,129.1,56.9,Safe,95.3
A101,S900,SENS01,439,2122.6,20.36,1.043,23.98,212.7,112.3,58.5,Safe,85.6
A101,S900,SENS01,440,2021.4,20.54,0.984,25.41,189.1,124.6,56.2,Safe,91.5
A101,S900,SENS01,441,1920.2,19.44,0.988,25.31,202.9,120.2,59.7,Safe,88.8
A101,S900,SENS01,442,1813.7,16.34,1.11,22.52,214.1,113.9,77.7,Safe,93.0
A101,S900,SENS01,443,1698.3,15.37,1.105,22.63,187.6,129.3,75.7,Safe,103.4
A101,S900,SENS01,444,1600.8,16.06,0.997,25.08,190.1,123.8,56.0,Safe,90.2
A101,S900,SENS01,445,1479.9,12.51,1.183,21.14,190.9,126.2,55.3,Safe,89.6
A101,S900,SENS01,446,1382.2,13.52,1.023,24.45,208.6,125.6,77.7,Safe,102.1
A101,S900,SENS01,447,1267.9,11.23,1.129,22.15,203.0,112.5,77.1,Safe,94.6
A101,S900,SENS01,448,1162.6,10.75,1.082,23.11,214.2,129.8,66.6,Safe,97.4
A101,S900,SENS01,449,1045.1,9.3,1.124,22.24,204.8,114.1,62.4,Safe,88.3
A101,S900,SENS01,450,936.3,8.47,1.106,22.61,206.6,143.8,66.3,Safe,104.1
A101,S900,SENS01,451,829.4,8.04,1.032,24.22,193.7,140.4,63.0,Safe,100.4
A101,S900,SENS01,452,723.3,6.8,1.064,23.5,200.4,113.3,73.4,Safe,94.5
A101,S900,SENS01,453,618.5,6.07,1.019,24.54,185.4,127.1,72.3,Safe,97.4
A101,S900,SENS01,454,511.0,4.81,1.063,23.52,191.9,130.4,74.0,Safe,102.7
A101,S900,SENS01,455,401.3,3.64,1.101,22.7,193.8,117.0,55.5,Safe,86.3
A101,S900,SENS01,456,293.8,2.68,1.096,22.81,205.0,143.5,76.1,Safe,107.9
A101,S900,SENS01,457,181.0,1.65,1.094,22.85,203.9,116.2,68.0,Warning,92.5
A101,S900,SENS01,458,69.9,0.64,1.094,22.86,195.2,114.9,72.5,Urgent,96.7
A101,S900,SENS01,459,2457.5,21.81,1.127,22.19,205.5,140.0,61.3,Safe,100.8
A101,S900,SENS01,460,2356.7,23.94,0.984,25.4,208.8,129.6,69.2,Safe,98.6
A101,S900,SENS01,461,2251.7,22.4,1.005,24.88,198.7,124.5,79.2,Safe,102.4
A101,S900,SENS01,462,2139.9,19.34,1.107,22.59,205.1,128.3,76.5,Safe,104.6
A101,S900,SENS01,463,2034.2,18.67,1.089,22.95,204.8,127.2,67.8,Safe,97.4
A101,S900,SENS01,464,1928.9,17.71,1.089,22.95,207.4,126.2,67.7,Safe,94.6
A101,S900,SENS01,465,1809.6,15.3,1.183,21.14,192.7,130.2,60.5,Safe,95.2
A101,S900,SENS01,466,1687.7,14.18,1.19,21.0,210.5,133.8,71.7,Safe,103.4
A101,S900,SENS01,467,1582.8,15.36,1.031,24.25,197.9,133.3,55.9,Safe,92.5
A101,S900,SENS01,468,1480.1,14.63,1.012,24.71,186.8,128.5,60.5,Safe,93.2
A101,S900,SENS01,469,1378.0,13.31,1.036,24.14,186.2,132.4,66.4,Safe,100.5
A101,S900,SENS01,470,1270.1,11.3,1.124,22.25,190.0,130.1,73.0,Safe,100.6
A101,S900,SENS01,471,1165.6,11.13,1.047,23.87,199.2,115.9,75.6,Safe,94.7
A101,S900,SENS01,472,1062.4,10.16,1.046,23.9,193.7,126.5,65.1,Safe,95.8
A101,S900,SENS01,473,960.3,9.12,1.053,23.73,203.8,135.7,78.0,Safe,109.1
A101,S900,SENS01,474,856.6,8.09,1.059,23.61,191.7,143.1,67.8,Safe,104.2
A101,S900,SENS01,475,747.8,6.81,1.099,22.75,213.7,138.7,67.7,Safe,101.3
A101,S900,SENS01,476,639.7,5.83,1.097,22.8,193.4,122.2,70.6,Safe,98.6
A101,S900,SENS01,477,545.5,5.51,0.99,25.25,185.9,124.3,68.6,Safe,97.7
A101,S900,SENS01,478,444.8,4.44,1.002,24.94,214.3,122.6,76.6,Safe,99.5
A101,S900,SENS01,479,341.5,3.24,1.054,23.72,208.6,136.3,60.3,Safe,97.7
A101,S900,SENS01,480,246.4,2.49,0.99,25.25,201.3,129.0,62.7,Safe,97.3
A101,S900,SENS01,481,131.5,1.2,1.097,22.8,214.2,117.4,58.7,Warning,87.3
A101,S900,SENS01,482,24.6,0.24,1.02,24.5,213.3,112.0,61.6,Urgent,85.4
A101,S900,SENS01,483,2421.9,22.9,1.058,23.64,204.7,142.4,58.3,Safe,101.7
A101,S900,SENS01,484,2304.1,20.39,1.13,22.13,210.1,112.5,72.7,Safe,92.6
A101,S900,SENS01,485,2194.2,20.21,1.086,23.02,200.9,139.2,79.5,Safe,107.3
A101,S900,SENS01,486,2081.4,19.28,1.08,23.15,212.3,115.3,75.4,Safe,94.1
A101,S900,SENS01,487,1972.1,18.92,1.042,23.98,196.1,139.1,67.8,Safe,103.2
A101,S900,SENS01,488,1875.6,18.6,1.009,24.79,191.9,137.8,78.1,Safe,107.8
A101,S900,SENS01,489,1772.2,17.64,1.005,24.88,196.0,110.7,77.5,Safe,94.6
A101,S900,SENS01,490,1669.7,15.87,1.052,23.76,195.3,120.3,79.1,Safe,100.6
A101,S900,SENS01,491,1556.0,13.41,1.16,21.55,210.1,116.6,58.6,Safe,85.9
A101,S900,SENS01,492,1440.2,12.68,1.136,22.0,185.5,113.1,69.9,Safe,91.7
A101,S900,SENS01,493,1343.9,13.53,0.993,25.17,185.3,135.8,78.4,Safe,108.2
A101,S900,SENS01,494,1244.6,12.67,0.982,25.46,200.6,117.8,61.3,Safe,90.6
A101,S900,SENS01,495,1133.7,10.12,1.12,22.32,198.2,117.3,72.9,Safe,94.9
A101,S900,SENS01,496,1038.9,10.52,0.988,25.3,193.1,143.4,62.1,Safe,102.0
A101,S900,SENS01,497,923.6,8.07,1.144,21.85,212.2,141.4,71.4,Safe,103.9
A101,S900,SENS01,498,816.4,7.59,1.076,23.24,209.5,124.6,75.0,Safe,98.1
A101,S900,SENS01,499,704.2,6.28,1.121,22.3,211.8,117.4,57.2,Safe,88.0
A101,S900,SENS01,500,589.5,5.23,1.126,22.19,191.3,113.4,71.3,Safe,94.0
A101,S900,SENS01,501,482.7,4.45,1.085,23.04,207.0,110.3,61.0,Safe,87.6
A101,S900,SENS01,502,384.8,3.83,1.003,24.91,187.2,142.1,69.3,Safe,107.2
A101,S900,SENS01,503,271.9,2.53,1.076,23.23,202.8,133.3,74.1,Safe,104.7
A101,S900,SENS01,504,166.4,1.54,1.081,23.12,209.4,128.1,55.0,Warning,93.8
A101,S900,SENS01,505,60.5,0.56,1.08,23.16,190.8,134.9,69.8,Urgent,103.6
A101,S900,SENS01,506,2452.0,22.28,1.1,22.72,209.3,123.9,78.3,Safe,102.3
A101,S900,SENS01,507,2345.9,21.32,1.1,22.73,191.9,138.0,73.6,Safe,107.1
A101,S900,SENS01,508,2237.6,20.77,1.078,23.2,209.7,119.2,67.5,Safe,94.9
A101,S900,SENS01,509,2123.6,18.46,1.151,21.73,189.1,112.5,60.6,Safe,87.1
A101,S900,SENS01,510,2015.5,19.2,1.05,23.81,188.0,117.8,62.6,Safe,92.3
A101,S900,SENS01,511,1904.4,17.71,1.075,23.25,203.1,131.0,71.9,Safe,104.3
A101,S900,SENS01,512,1797.9,16.59,1.084,23.07,205.5,131.4,74.4,Safe,105.3
A101,S900,SENS01,513,1689.3,15.01,1.126,22.21,200.9,128.8,65.2,Safe,99.7
A101,S900,SENS01,514,1570.3,13.22,1.188,21.04,201.6,140.6,63.3,Safe,102.8
A101,S900,SENS01,515,1462.8,13.8,1.06,23.58,189.4,111.8,66.8,Safe,90.0
A101,S900,SENS01,516,1362.7,13.78,0.989,25.29,196.9,144.6,60.3,Safe,101.9
A101,S900,SENS01,517,1257.2,12.07,1.041,24.0,198.2,140.7,56.0,Safe,98.9
A101,S900,SENS01,518,1144.8,10.62,1.078,23.2,188.4,144.7,71.0,Safe,110.0
A101,S900,SENS01,519,1031.9,9.03,1.143,21.88,197.1,113.6,59.0,Safe,86.8
A101,S900,SENS01,520,928.8,9.01,1.031,24.26,190.4,122.9,57.4,Safe,89.4
A101,S900,SENS01,521,819.2,7.17,1.143,21.88,194.0,130.5,64.9,Safe,99.2
A101,S900,SENS01,522,717.1,6.72,1.068,23.42,205.9,123.0,63.2,Safe,92.3
A101,S900,SENS01,523,621.8,6.7,0.928,26.93,204.2,139.5,65.0,Safe,103.2
A101,S900,SENS01,524,505.1,4.54,1.113,22.47,185.3,113.9,69.7,Safe,90.9
A101,S900,SENS01,525,401.9,3.75,1.072,23.33,210.7,143.0,78.4,Safe,108.4
A101,S900,SENS01,526,286.6,2.52,1.136,22.0,197.4,132.8,78.9,Safe,105.0
A101,S900,SENS01,527,186.5,1.86,1.004,24.91,189.5,121.0,58.5,Warning,87.8
A101,S900,SENS01,528,84.7,0.82,1.028,24.32,202.6,132.1,58.3,Urgent,96.8
A101,S900,SENS01,529,2473.8,23.1,1.071,23.34,205.7,128.7,58.9,Safe,94.7
A101,S900,SENS01,530,2375.6,22.99,1.033,24.2,187.0,110.9,68.2,Safe,89.9
A101,S900,SENS01,531,2272.3,22.92,0.991,25.22,190.0,126.7,73.9,Safe,101.2
A101,S900,SENS01,532,2174.0,21.71,1.002,24.96,194.4,117.5,66.1,Safe,94.7
A101,S900,SENS01,533,2080.1,22.93,0.907,27.56,191.8,143.8,61.6,Safe,104.4
A101,S900,SENS01,534,1979.5,18.97,1.044,23.95,206.9,126.2,57.1,Safe,90.2
A101,S900,SENS01,535,1869.6,16.98,1.101,22.71,214.2,133.9,62.2,Safe,97.5
A101,S900,SENS01,536,1771.1,17.58,1.007,24.82,201.3,119.3,58.5,Safe,88.2
A101,S900,SENS01,537,1660.2,14.25,1.165,21.46,210.4,122.8,74.6,Safe,97.6
A101,S900,SENS01,538,1562.0,16.03,0.974,25.66,198.1,124.6,72.4,Safe,99.2
A101,S900,SENS01,539,1445.6,12.82,1.128,22.17,195.2,134.8,79.0,Safe,107.5
A101,S900,SENS01,540,1339.1,12.7,1.055,23.71,213.9,112.2,61.3,Safe,88.7
A101,S900,SENS01,541,1237.6,12.35,1.002,24.95,207.0,125.2,68.1,Safe,97.5
A101,S900,SENS01,542,1125.0,10.46,1.076,23.24,199.3,111.7,69.5,Safe,89.6
A101,S900,SENS01,543,1025.3,9.77,1.049,23.83,192.1,123.6,64.3,Safe,93.6
A101,S900,SENS01,544,912.0,8.13,1.121,22.29,209.9,122.7,68.3,Safe,96.1
A101,S900,SENS01,545,807.9,7.65,1.056,23.68,188.9,130.4,64.4,Safe,96.0
A101,S900,SENS01,546,697.5,6.33,1.102,22.68,196.7,142.2,74.8,Safe,107.4
A101,S900,SENS01,547,589.5,5.64,1.045,23.93,185.9,124.6,78.6,Safe,101.6
A101,S900,SENS01,548,479.0,4.32,1.11,22.52,189.0,115.3,75.8,Safe,97.0
A101,S900,SENS01,549,368.7,3.21,1.149,21.75,202.1,124.0,78.9,Safe,102.0
A101,S900,SENS01,550,258.5,2.25,1.151,21.72,192.8,142.7,63.7,Safe,101.1
A101,S900,SENS01,551,157.1,1.54,1.02,24.52,202.7,118.0,70.0,Warning,94.4
A101,S900,SENS01,552,52.2,0.49,1.07,23.36,207.5,125.9,69.1,Urgent,101.0
A101,S900,SENS01,553,2447.2,22.43,1.091,22.91,192.5,125.3,55.6,Safe,90.8
A101,S900,SENS01,554,2340.2,20.97,1.116,22.4,207.9,111.8,57.5,Safe,86.4
A101,S900,SENS01,555,2227.0,20.59,1.082,23.11,203.2,136.0,70.3,Safe,107.2
A101,S900,SENS01,556,2124.1,20.37,1.043,23.97,197.7,145.0,74.7,Safe,111.2
A101,S900,SENS01,557,2012.7,17.58,1.145,21.83,214.0,134.7,58.7,Safe,96.8
A101,S900,SENS01,558,1900.7,16.92,1.123,22.25,188.9,122.7,67.8,Safe,95.5
A101,S900,SENS01,559,1807.4,19.17,0.943,26.52,205.1,120.3,75.5,Safe,97.4
A101,S900,SENS01,560,1695.5,15.52,1.093,22.88,199.5,143.9,71.6,Safe,107.5
A101,S900,SENS01,561,1594.0,15.86,1.005,24.87,211.3,117.7,57.5,Safe,88.7
A101,S900,SENS01,562,1501.2,15.9,0.944,26.49,204.6,134.3,76.0,Safe,104.7
A101,S900,SENS01,563,1386.3,11.74,1.181,21.17,197.0,120.2,66.4,Safe,93.5
A101,S900,SENS01,564,1287.6,13.17,0.978,25.57,197.2,115.4,75.2,Safe,94.6
A101,S900,SENS01,565,1186.7,11.36,1.044,23.94,192.0,123.6,62.1,Safe,94.0
A101,S900,SENS01,566,1073.9,9.84,1.091,22.91,209.5,140.4,75.6,Safe,109.8
A101,S900,SENS01,567,975.2,9.51,1.026,24.38,186.2,114.9,71.9,Safe,91.8
A101,S900,SENS01,568,860.8,7.59,1.135,22.03,202.3,136.6,70.3,Safe,102.6
A101,S900,SENS01,569,753.8,7.4,1.019,24.53,204.7,127.3,56.9,Safe,93.3
A101,S900,SENS01,570,644.7,5.77,1.118,22.37,212.1,133.4,65.5,Safe,99.8
A101,S900,SENS01,571,532.7,4.79,1.112,22.49,185.0,138.8,71.1,Safe,103.9
A101,S900,SENS01,572,430.5,4.18,1.03,24.27,210.3,120.9,67.2,Safe,91.9
A101,S900,SENS01,573,323.6,3.08,1.052,23.76,200.7,124.0,73.5,Safe,100.7
A101,S900,SENS01,574,216.6,1.97,1.1,22.72,214.2,131.5,69.2,Safe,101.7
A101,S900,SENS01,575,101.7,0.91,1.118,22.37,212.2,127.4,75.7,Warning,103.3
A101,S900,SENS01,576,2489.1,22.41,1.111,22.51,212.8,127.1,58.4,Safe,91.4
A101,S900,SENS01,577,2375.7,21.88,1.086,23.02,212.8,145.0,68.3,Safe,109.9
A101,S900,SENS01,578,2263.0,20.95,1.08,23.15,194.0,131.8,64.5,Safe,99.5
A101,S900,SENS01,579,2148.9,18.63,1.153,21.68,215.0,112.9,77.6,Safe,94.1
A101,S900,SENS01,580,2049.8,20.01,1.024,24.41,193.4,127.0,63.6,Safe,96.4
A101,S900,SENS01,581,1946.0,19.13,1.017,24.58,204.5,119.7,75.3,Safe,96.8
A101,S900,SENS01,582,1828.3,15.57,1.174,21.29,194.1,139.6,66.8,Safe,103.6
A101,S900,SENS01,583,1725.1,15.9,1.085,23.04,193.0,132.4,79.1,Safe,108.7
A101,S900,SENS01,584,1625.6,16.98,0.957,26.12,206.1,120.1,78.3,Safe,99.0
A101,S900,SENS01,585,1513.8,13.77,1.1,22.74,185.0,129.0,59.6,Safe,95.2
A101,S900,SENS01,586,1406.7,12.86,1.094,22.85,195.8,117.5,78.1,Safe,96.6
A101,S900,SENS01,587,1296.5,12.02,1.079,23.17,188.2,127.1,63.9,Safe,95.0
A101,S900,SENS01,588,1192.0,11.13,1.071,23.34,198.9,122.1,64.6,Safe,94.8
A101,S900,SENS01,589,1087.8,10.7,1.017,24.58,198.6,112.1,62.3,Safe,88.4
A101,S900,SENS01,590,983.9,9.28,1.061,23.57,197.7,110.4,56.8,Safe,80.5
A101,S900,SENS01,591,872.9,7.73,1.129,22.15,205.4,116.3,73.7,Safe,94.0
A101,S900,SENS01,592,775.3,7.72,1.004,24.89,205.9,138.4,68.2,Safe,104.8
A101,S900,SENS01,593,661.7,5.95,1.112,22.48,189.3,137.2,67.9,Safe,104.2
A101,S900,SENS01,594,558.1,5.41,1.032,24.22,204.8,137.1,59.1,Safe,98.4
A101,S900,SENS01,595,457.8,4.37,1.048,23.86,201.8,139.2,71.1,Safe,105.1
A101,S900,SENS01,596,355.3,3.59,0.99,25.25,209.2,139.8,63.2,Safe,103.3
A101,S900,SENS01,597,249.4,2.4,1.038,24.08,185.9,127.8,62.1,Safe,93.7
A101,S900,SENS01,598,148.0,1.39,1.063,23.53,211.1,140.7,68.7,Warning,106.2
A101,S900,SENS01,599,38.0,0.36,1.063,23.52,193.7,121.6,69.9,Urgent,97.4
A101,S900,SENS01,600,2441.8,24.18,1.01,24.75,197.5,133.9,66.6,Safe,99.8
A101,S900,SENS01,601,2327.1,20.65,1.127,22.18,194.3,130.4,64.9,Safe,97.5
A101,S900,SENS01,602,2226.6,23.13,0.963,25.97,200.3,111.5,69.9,Safe,89.3
A101,S900,SENS01,603,2121.2,20.82,1.019,24.54,192.5,116.8,65.7,Safe,91.6
A101,S900,SENS01,604,2024.5,20.47,0.989,25.28,204.3,132.1,58.7,Safe,96.6
A101,S900,SENS01,605,1906.9,16.53,1.154,21.67,195.0,116.7,68.7,Safe,92.6
A101,S900,SENS01,606,1798.6,16.47,1.092,22.89,196.8,136.9,78.9,Safe,106.6
A101,S900,SENS01,607,1691.4,15.56,1.087,23.0,210.7,117.8,57.7,Safe,88.8
A101,S900,SENS01,608,1579.7,14.51,1.089,22.96,204.3,118.0,75.0,Safe,93.6
A101,S900,SENS01,609,1485.1,14.99,0.991,25.24,193.7,137.7,59.2,Safe,100.0
A101,S900,SENS01,610,1377.9,12.38,1.113,22.46,207.4,127.4,74.5,Safe,100.0
A101,S900,SENS01,611,1268.6,11.64,1.089,22.95,185.2,115.7,74.5,Safe,97.5
A101,S900,SENS01,612,1161.3,10.99,1.057,23.66,214.7,140.2,58.7,Safe,98.0
A101,S900,SENS01,613,1066.9,11.18,0.954,26.21,192.7,112.3,71.5,Safe,90.5
A101,S900,SENS01,614,959.0,8.91,1.076,23.24,195.0,142.4,79.1,Safe,111.0
A101,S900,SENS01,615,858.0,8.12,1.057,23.65,185.7,125.8,64.7,Safe,96.8
A101,S900,SENS01,616,752.4,7.1,1.06,23.58,202.6,138.3,57.8,Safe,98.2
A101,S900,SENS01,617,651.8,6.2,1.051,23.79,189.3,142.3,58.9,Safe,102.6
A101,S900,SENS01,618,548.9,5.08,1.08,23.15,200.1,142.9,64.3,Safe,104.2
A101,S900,SENS01,619,446.3,4.43,1.008,24.81,186.0,138.8,64.2,Safe,101.7
A101,S900,SENS01,620,341.7,3.13,1.093,22.86,195.5,144.3,73.9,Safe,107.3
A101,S900,SENS01,621,232.2,2.14,1.086,23.02,209.3,136.7,56.0,Safe,95.3
A101,S900,SENS01,622,123.7,1.16,1.068,23.41,198.0,136.5,57.1,Warning,97.5
A101,S900,SENS01,623,22.7,0.22,1.032,24.22,209.4,142.1,59.2,Urgent,101.0
A101,S900,SENS01,624,2408.6,21.66,1.112,22.48,196.7,123.5,75.4,Safe,100.2
A101,S900,SENS01,625,2299.9,21.62,1.064,23.5,189.0,111.2,76.8,Safe,95.2
A101,S900,SENS01,626,2193.2,21.44,1.023,24.43,202.2,123.1,62.5,Safe,91.2
A101,S900,SENS01,627,2089.9,20.43,1.023,24.43,199.7,134.6,76.0,Safe,108.2
A101,S900,SENS01,628,1992.2,19.71,1.011,24.74,199.7,123.6,56.1,Safe,91.6
A101,S900,SENS01,629,1885.8,17.94,1.051,23.79,193.6,114.4,62.0,Safe,88.5
A101,S900,SENS01,630,1779.0,16.06,1.108,22.56,194.5,128.1,55.2,Safe,91.6
A101,S900,SENS01,631,1676.6,16.0,1.048,23.86,213.2,123.3,67.8,Safe,94.8
A101,S900,SENS01,632,1570.0,14.15,1.11,22.53,203.6,111.0,59.9,Safe,86.5
A101,S900,SENS01,633,1469.6,14.02,1.048,23.85,199.0,136.5,62.9,Safe,101.7
A101,S900,SENS01,634,1361.9,12.07,1.128,22.16,194.3,128.4,66.4,Safe,97.8
A101,S900,SENS01,635,1263.2,12.54,1.007,24.83,213.2,127.7,60.4,Safe,95.5
A101,S900,SENS01,636,1159.3,11.13,1.042,24.0,208.1,134.4,77.3,Safe,105.5
A101,S900,SENS01,637,1050.2,9.74,1.079,23.18,192.3,142.0,56.2,Safe,99.2
A101,S900,SENS01,638,931.5,8.13,1.146,21.81,211.9,133.0,61.8,Safe,97.6
A101,S900,SENS01,639,828.3,8.1,1.023,24.45,188.2,143.9,64.2,Safe,103.8
A101,S900,SENS01,640,721.9,6.96,1.037,24.1,209.8,135.9,74.9,Safe,107.9
A101,S900,SENS01,641,622.9,6.26,0.995,25.11,211.4,138.1,74.5,Safe,105.2
A101,S900,SENS01,642,515.9,5.05,1.021,24.48,198.6,119.1,75.7,Safe,95.2
A101,S900,SENS01,643,407.8,3.93,1.038,24.08,212.1,143.2,72.4,Safe,108.5
A101,S900,SENS01,644,308.4,3.24,0.951,26.28,214.6,116.1,69.9,Safe,93.2
A101,S900,SENS01,645,206.0,2.03,1.013,24.67,194.7,136.6,73.2,Safe,105.9
A101,S900,SENS01,646,104.1,0.98,1.06,23.58,193.2,126.4,55.1,Warning,90.6
A101,S900,SENS01,647,3.8,0.04,1.006,24.84,208.8,138.2,67.1,Urgent,104.3
A101,S900,SENS01,648,2396.2,22.02,1.088,22.97,203.7,140.0,60.9,Safe,104.5
A101,S900,SENS01,649,2288.9,20.39,1.123,22.27,203.0,127.1,65.2,Safe,99.1
A101,S900,SENS01,650,2183.1,19.96,1.094,22.86,211.8,113.3,59.0,Safe,86.0
A101,S900,SENS01,651,2081.7,19.81,1.051,23.79,192.2,131.7,62.6,Safe,99.0
A101,S900,SENS01,652,1980.6,18.8,1.053,23.73,198.6,120.1,64.1,Safe,91.0
A101,S900,SENS01,653,1861.1,15.98,1.165,21.46,198.8,117.1,56.5,Safe,87.9
A101,S900,SENS01,654,1752.9,15.71,1.116,22.41,189.5,135.6,63.9,Safe,101.2
A101,S900,SENS01,655,1639.9,14.22,1.153,21.67,197.7,139.9,76.2,Safe,106.3
A101,S900,SENS01,656,1532.1,13.63,1.124,22.25,212.2,120.7,58.2,Safe,88.3
A101,S900,SENS01,657,1423.7,12.71,1.121,22.31,197.2,118.9,68.6,Safe,95.0
A101,S900,SENS01,658,1319.5,12.12,1.088,22.97,213.1,135.8,69.7,Safe,102.7
A101,S900,SENS01,659,1212.9,11.07,1.096,22.82,207.7,129.5,72.1,Safe,101.6
A101,S900,SENS01,660,1100.8,9.86,1.116,22.4,186.5,119.0,56.2,Safe,87.0
A101,S900,SENS01,661,992.0,9.33,1.063,23.52,205.1,120.5,69.3,Safe,93.2
A101,S900,SENS01,662,889.0,8.41,1.057,23.65,206.8,112.7,59.4,Safe,83.7
A101,S900,SENS01,663,771.4,6.86,1.125,22.22,197.5,133.9,65.3,Safe,100.4
A101,S900,SENS01,664,658.7,6.01,1.096,22.81,210.0,123.4,71.9,Safe,97.0
A101,S900,SENS01,665,551.7,5.29,1.043,23.97,201.9,131.6,74.7,Safe,101.9
A101,S900,SENS01,666,444.1,4.06,1.094,22.86,213.0,122.8,65.9,Safe,94.5
A101,S900,SENS01,667,339.6,3.28,1.034,24.18,186.7,117.7,58.6,Safe,91.0
A101,S900,SENS01,668,232.1,2.12,1.096,22.81,208.5,129.2,78.8,Safe,102.2
A101,S900,SENS01,669,121.5,1.14,1.063,23.52,188.1,110.6,56.3,Warning,81.3
A101,S900,SENS01,670,14.9,0.14,1.047,23.87,194.3,138.6,72.9,Urgent,106.3
A101,S900,SENS01,671,2403.6,21.8,1.103,22.67,186.6,135.6,67.0,Safe,103.2
A101,S900,SENS01,672,2301.2,21.97,1.047,23.87,207.3,136.4,61.3,Safe,98.1
A101,S900,SENS01,673,2188.5,20.13,1.087,23.0,204.6,112.3,62.6,Safe,87.9
A101,S900,SENS01,674,2075.2,18.77,1.106,22.61,210.3,140.0,60.0,Safe,101.7
A101,S900,SENS01,675,1970.9,19.09,1.033,24.21,191.9,122.9,71.1,Safe,98.3
A101,S900,SENS01,676,1869.3,17.79,1.051,23.79,212.6,112.2,68.9,Safe,91.9
A101,S900,SENS01,677,1756.1,15.88,1.106,22.6,200.5,120.1,73.2,Safe,98.3
A101,S900,SENS01,678,1639.2,14.57,1.125,22.22,207.6,135.3,77.9,Safe,104.6
A101,S900,SENS01,679,1532.2,13.72,1.117,22.38,207.1,118.3,55.4,Safe,86.2
A101,S900,SENS01,680,1423.1,13.03,1.093,22.88,212.5,140.2,57.2,Safe,98.5
A101,S900,SENS01,681,1314.6,12.12,1.085,23.05,208.3,117.5,70.3,Safe,92.9
A101,S900,SENS01,682,1208.8,11.0,1.099,22.74,206.6,118.1,62.6,Safe,92.0
A101,S900,SENS01,683,1090.1,9.64,1.131,22.11,199.7,125.4,65.5,Safe,93.6
A101,S900,SENS01,684,969.9,8.17,1.187,21.06,209.8,141.1,57.5,Safe,99.5
A101,S900,SENS01,685,869.4,8.34,1.043,23.98,189.5,113.0,56.9,Safe,83.8
A101,S900,SENS01,686,755.3,6.76,1.117,22.38,186.6,135.4,75.7,Safe,103.9
A101,S900,SENS01,687,643.0,5.84,1.101,22.7,188.0,110.3,76.2,Safe,93.6
A101,S900,SENS01,688,534.7,5.03,1.063,23.52,199.4,133.0,57.3,Safe,94.7
A101,S900,SENS01,689,434.2,4.25,1.022,24.45,199.9,129.8,59.9,Safe,94.7
A101,S900,SENS01,690,328.1,3.0,1.092,22.89,192.8,133.8,73.3,Safe,103.1
A101,S900,SENS01,691,218.0,2.0,1.092,22.9,188.9,134.2,62.9,Safe,99.8
A101,S900,SENS01,692,108.7,1.0,1.087,23.0,212.4,138.1,61.3,Warning,98.0
A101,S900,SENS01,693,1.6,0.02,1.026,24.36,205.7,114.6,70.1,Urgent,91.3
A101,S900,SENS01,694,2387.0,21.36,1.118,22.37,186.2,119.8,59.4,Safe,88.7
A101,S900,SENS01,695,2278.5,20.37,1.119,22.34,212.5,129.6,59.2,Safe,92.6
A101,S900,SENS01,696,2179.7,21.92,0.994,25.14,199.9,124.4,73.0,Safe,100.0
A101,S900,SENS01,697,2075.1,20.19,1.028,24.32,199.2,135.2,59.1,Safe,95.6
A101,S900,SENS01,698,1972.4,18.58,1.061,23.56,195.9,119.1,66.3,Safe,90.1
A101,S900,SENS01,699,1857.8,16.73,1.11,22.52,195.0,112.0,79.8,Safe,96.9
A101,S900,SENS01,700,1758.1,17.35,1.013,24.67,200.9,139.2,69.4,Safe,100.5
A101,S900,SENS01,701,1652.2,15.68,1.054,23.72,193.5,114.3,69.3,Safe,92.3
A101,S900,SENS01,702,1543.3,14.86,1.039,24.06,197.4,122.0,77.2,Safe,99.8
A101,S900,SENS01,703,1443.5,13.83,1.044,23.95,193.5,116.5,72.1,Safe,93.5
A101,S900,SENS01,704,1346.9,13.47,1.0,25.0,211.7,144.4,62.1,Safe,102.8
A101,S900,SENS01,705,1250.3,13.15,0.951,26.29,192.2,127.1,58.7,Safe,92.8
A101,S900,SENS01,706,1138.3,10.61,1.073,23.31,212.5,143.1,78.8,Safe,109.1
A101,S900,SENS01,707,1044.5,10.84,0.963,25.95,186.2,136.8,79.8,Safe,107.3
A101,S900,SENS01,708,927.2,8.19,1.132,22.09,209.6,125.1,65.5,Safe,93.0
A101,S900,SENS01,709,818.6,7.83,1.046,23.91,212.7,111.0,60.7,Safe,83.7
A101,S900,SENS01,710,719.1,7.45,0.965,25.92,200.1,116.5,74.9,Safe,95.6
A101,S900,SENS01,711,606.8,5.55,1.093,22.86,197.2,120.0,78.4,Safe,97.7
A101,S900,SENS01,712,505.3,4.97,1.018,24.57,206.2,130.4,58.4,Safe,95.1
A101,S900,SENS01,713,405.5,3.94,1.029,24.29,213.6,114.4,62.0,Safe,87.3
A101,S900,SENS01,714,306.9,3.11,0.987,25.33,199.5,122.4,75.1,Safe,98.2
A101,S900,SENS01,715,205.4,2.11,0.972,25.73,190.8,144.6,62.0,Safe,103.0
A101,S900,SENS01,716,106.9,1.03,1.034,24.18,201.3,110.9,61.8,Warning,84.0
A101,S900,SENS01,717,4.0,0.04,1.032,24.22,211.4,132.1,69.0,Urgent,103.8
A101,S900,SENS01,718,2397.2,23.51,1.02,24.51,202.5,119.4,79.2,Safe,100.8
A101,S900,SENS01,719,2291.7,22.04,1.04,24.05,190.2,131.8,74.9,Safe,104.4
A101,S900,SENS01,720,2183.3,20.54,1.063,23.51,196.2,118.8,59.2,Safe,90.0
A101,S900,SENS01,721,2072.9,18.67,1.11,22.52,198.7,128.6,71.8,Safe,99.2
A101,S900,SENS01,722,1975.9,19.59,1.009,24.78,188.3,110.4,79.4,Safe,93.4
A101,S900,SENS01,723,1879.0,19.03,0.987,25.32,198.0,130.4,62.8,Safe,94.5
A101,S900,SENS01,724,1772.2,17.38,1.02,24.52,193.0,111.6,78.1,Safe,95.3
A101,S900,SENS01,725,1670.0,16.41,1.018,24.57,210.8,124.2,67.6,Safe,95.9
A101,S900,SENS01,726,1565.6,15.53,1.008,24.79,208.2,111.4,60.6,Safe,88.7
A101,S900,SENS01,727,1466.0,14.41,1.017,24.57,196.8,132.7,77.2,Safe,101.5
A101,S900,SENS01,728,1356.8,12.65,1.073,23.3,208.2,121.9,59.0,Safe,91.7
A101,S900,SENS01,729,1252.6,12.22,1.025,24.4,210.6,127.9,70.5,Safe,100.0
A101,S900,SENS01,730,1150.3,11.57,0.994,25.14,199.4,142.8,78.7,Safe,109.8
A101,S900,SENS01,731,1056.5,10.71,0.986,25.34,198.8,137.1,58.6,Safe,97.6
A101,S900,SENS01,732,958.8,9.59,1.0,25.01,197.7,136.4,69.6,Safe,101.6
A101,S900,SENS01,733,851.2,8.01,1.062,23.54,185.5,126.5,56.4,Safe,89.3
A101,S900,SENS01,734,757.8,7.79,0.973,25.7,212.2,128.7,59.0,Safe,95.8
A101,S900,SENS01,735,657.8,6.62,0.993,25.18,197.7,121.0,76.2,Safe,100.2
A101,S900,SENS01,736,549.2,5.2,1.055,23.69,191.1,122.9,63.7,Safe,94.7
A101,S900,SENS01,737,448.3,4.38,1.024,24.41,204.6,135.5,79.0,Safe,109.3
A101,S900,SENS01,738,353.8,3.67,0.963,25.96,209.1,114.9,74.1,Safe,92.1
A101,S900,SENS01,739,242.8,2.22,1.096,22.82,188.3,136.1,59.4,Safe,97.3
A101,S900,SENS01,740,152.2,1.69,0.9,27.78,203.0,115.0,73.3,Warning,97.2
A101,S900,SENS01,741,46.9,0.43,1.097,22.79,185.2,120.0,79.7,Urgent,101.2
A101,S900,SENS01,742,2447.5,24.91,0.982,25.45,185.7,113.9,60.3,Safe,88.5
A101,S900,SENS01,743,2334.7,21.46,1.088,22.98,210.8,117.7,72.8,Safe,94.3
A101,S900,SENS01,744,2235.3,22.25,1.005,24.88,191.4,133.5,78.7,Safe,106.8
A101,S900,SENS01,745,2128.1,19.69,1.081,23.13,190.5,125.7,58.3,Safe,91.6
A101,S900,SENS01,746,2020.9,19.65,1.028,24.31,214.2,116.5,75.3,Safe,94.3
A101,S900,SENS01,747,1921.0,18.37,1.046,23.9,214.1,142.1,74.6,Safe,107.9
A101,S900,SENS01,748,1822.9,17.86,1.021,24.49,188.1,136.1,73.6,Safe,107.9
A101,S900,SENS01,749,1714.0,15.83,1.083,23.09,211.3,125.2,62.9,Safe,96.0
A101,S900,SENS01,750,1607.0,15.5,1.037,24.12,206.9,143.1,74.0,Safe,108.0
A101,S900,SENS01,751,1500.2,14.06,1.067,23.42,209.6,116.4,66.9,Safe,90.4
A101,S900,SENS01,752,1393.0,13.18,1.057,23.65,207.9,134.0,69.8,Safe,103.7
A101,S900,SENS01,753,1283.7,11.85,1.083,23.08,206.6,124.7,78.3,Safe,101.5
A101,S900,SENS01,754,1187.2,11.79,1.007,24.83,202.5,118.9,69.6,Safe,93.5
A101,S900,SENS01,755,1074.8,9.98,1.077,23.22,185.3,114.3,72.9,Safe,97.3
A101,S900,SENS01,756,970.5,9.06,1.071,23.33,186.4,135.6,57.2,Safe,96.9
A101,S900,SENS01,757,874.2,8.9,0.982,25.46,199.9,141.5,79.3,Safe,111.1
A101,S900,SENS01,758,771.5,7.48,1.031,24.24,190.6,134.8,57.9,Safe,96.5
A101,S900,SENS01,759,684.0,7.44,0.919,27.19,190.5,141.6,57.9,Safe,99.4
A101,S900,SENS01,760,591.7,6.47,0.914,27.35,195.6,134.1,75.6,Safe,103.3
A101,S900,SENS01,761,499.1,5.15,0.97,25.77,207.8,140.9,62.0,Safe,100.7
A101,S900,SENS01,762,404.7,4.07,0.994,25.16,208.2,141.6,69.0,Safe,103.8
A101,S900,SENS01,763,298.0,2.77,1.074,23.27,205.0,121.7,74.9,Safe,96.6
A101,S900,SENS01,764,198.3,1.99,0.999,25.03,191.5,115.7,61.1,Warning,86.9
A101,S900,SENS01,765,90.8,0.82,1.109,22.55,186.4,136.0,71.5,Urgent,102.4
A101,S900,SENS01,766,2487.3,23.76,1.047,23.88,192.2,111.2,60.3,Safe,84.4
A101,S900,SENS01,767,2381.8,21.51,1.107,22.58,198.5,141.5,78.3,Safe,110.6
A101,S900,SENS01,768,2269.9,20.48,1.108,22.56,188.5,137.5,58.6,Safe,96.9
A101,S900,SENS01,769,2156.9,19.7,1.095,22.83,196.2,127.5,72.4,Safe,102.3
A101,S900,SENS01,770,2063.9,21.48,0.961,26.02,208.7,124.6,57.5,Safe,90.5
A101,S900,SENS01,771,1955.3,18.18,1.075,23.25,213.6,136.6,78.1,Safe,106.4
A101,S900,SENS01,772,1840.4,16.5,1.115,22.42,194.5,136.1,79.0,Safe,111.6
A101,S900,SENS01,773,1733.4,16.61,1.044,23.95,206.7,118.5,67.0,Safe,93.6
A101,S900,SENS01,774,1635.2,16.02,1.02,24.5,199.7,122.1,70.3,Safe,95.7
A101,S900,SENS01,775,1523.6,13.93,1.094,22.85,202.7,113.3,77.3,Safe,94.5
A101,S900,SENS01,776,1426.1,15.0,0.95,26.3,192.9,122.3,66.1,Safe,93.9
A101,S900,SENS01,777,1322.6,12.6,1.05,23.82,211.2,116.3,59.3,Safe,88.5
A101,S900,SENS01,778,1215.2,11.75,1.034,24.18,197.8,121.9,72.6,Safe,98.7
A101,S900,SENS01,779,1111.4,10.45,1.064,23.51,210.5,113.7,55.1,Safe,85.9
A101,S900,SENS01,780,1003.6,9.47,1.06,23.59,205.8,135.7,67.9,Safe,100.7
A101,S900,SENS01,781,904.6,9.33,0.97,25.78,206.8,142.5,74.8,Safe,105.4
A101,S900,SENS01,782,818.6,9.13,0.897,27.88,210.7,112.6,65.3,Safe,88.5
A101,S900,SENS01,783,712.9,6.74,1.058,23.64,200.5,117.5,64.8,Safe,89.6
A101,S900,SENS01,784,613.2,6.08,1.009,24.78,207.2,130.8,57.9,Safe,95.0
A101,S900,SENS01,785,507.5,4.68,1.085,23.05,196.7,120.1,76.1,Safe,97.2
A101,S900,SENS01,786,411.8,4.21,0.979,25.53,210.1,124.8,59.3,Safe,88.9
A101,S900,SENS01,787,312.4,3.04,1.026,24.36,192.8,119.0,57.6,Safe,85.3
A101,S900,SENS01,788,217.8,2.22,0.98,25.52,200.2,135.8,78.2,Safe,107.8
A101,S900,SENS01,789,108.5,1.01,1.08,23.15,189.4,134.7,76.0,Warning,104.7
A101,S900,SENS01,790,5.9,0.06,0.984,25.41,204.8,113.5,68.8,Urgent,91.2
A101,S900,SENS01,791,2400.4,23.14,1.037,24.1,214.1,121.0,79.6,Safe,99.6
A101,S900,SENS01,792,2289.2,21.18,1.081,23.14,199.8,111.1,72.4,Safe,91.0
A101,S900,SENS01,793,2184.2,21.11,1.035,24.16,212.0,137.0,64.1,Safe,98.2
A101,S900,SENS01,794,2088.2,21.45,0.973,25.68,192.1,122.3,69.5,Safe,92.6
A101,S900,SENS01,795,1980.4,18.41,1.076,23.24,204.0,123.1,63.7,Safe,95.2
A101,S900,SENS01,796,1866.8,16.78,1.112,22.48,203.1,135.4,77.0,Safe,107.3
A101,S900,SENS01,797,1772.6,18.06,0.982,25.47,206.1,124.4,71.0,Safe,97.6
A101,S900,SENS01,798,1662.4,15.54,1.07,23.37,207.5,118.6,60.2,Safe,89.7
A101,S900,SENS01,799,1565.8,15.43,1.015,24.64,210.1,117.3,65.4,Safe,91.9
A101,S900,SENS01,800,1464.1,14.18,1.032,24.21,208.7,127.4,63.9,Safe,96.5
A101,S900,SENS01,801,1363.3,13.54,1.007,24.83,203.8,117.6,73.0,Safe,95.3
A101,S900,SENS01,802,1273.5,14.25,0.893,27.98,189.5,120.1,70.4,Safe,93.8
A101,S900,SENS01,803,1172.3,11.98,0.978,25.56,197.5,111.9,72.5,Safe,91.5
A101,S900,SENS01,804,1076.5,10.71,1.005,24.88,209.3,133.5,57.6,Safe,95.7
A101,S900,SENS01,805,972.8,9.16,1.061,23.55,208.5,116.7,57.4,Safe,85.4
A101,S900,SENS01,806,862.1,8.04,1.073,23.31,194.2,132.1,66.8,Safe,97.6
A101,S900,SENS01,807,751.8,6.58,1.142,21.89,209.0,133.2,76.8,Safe,107.6
A101,S900,SENS01,808,645.4,6.23,1.036,24.13,204.4,135.8,57.2,Safe,98.9
A101,S900,SENS01,809,550.3,5.93,0.928,26.95,187.9,123.7,56.0,Safe,88.3
A101,S900,SENS01,810,454.5,4.57,0.995,25.12,201.4,138.9,64.8,Safe,102.4
A101,S900,SENS01,811,342.4,3.03,1.129,22.14,193.7,113.7,58.6,Safe,86.1
A101,S900,SENS01,812,246.2,2.54,0.971,25.74,189.8,120.4,79.7,Safe,100.5
A101,S900,SENS01,813,127.8,1.12,1.142,21.9,201.6,119.6,56.1,Warning,84.2
A101,S900,SENS01,814,14.5,0.13,1.083,23.09,186.1,134.3,72.2,Urgent,101.6
A101,S900,SENS01,815,2411.2,23.67,1.019,24.55,194.8,122.5,76.7,Safe,98.1
A101,S900,SENS01,816,2312.9,22.71,1.018,24.55,206.4,141.4,66.3,Safe,104.3
A101,S900,SENS01,817,2206.4,20.73,1.064,23.49,191.7,138.4,76.1,Safe,107.6
A101,S900,SENS01,818,2105.1,19.97,1.054,23.72,203.3,126.3,62.2,Safe,93.4
A101,S900,SENS01,819,2006.1,19.28,1.041,24.03,189.6,142.1,66.8,Safe,103.9
A101,S900,SENS01,820,1890.5,16.79,1.126,22.21,194.0,132.0,72.5,Safe,101.0
A101,S900,SENS01,821,1791.3,17.38,1.031,24.26,185.5,123.9,65.3,Safe,93.9
A101,S900,SENS01,822,1698.7,17.92,0.948,26.38,192.7,123.7,66.3,Safe,95.9
A101,S900,SENS01,823,1584.5,14.13,1.121,22.29,199.8,127.9,67.2,Safe,95.9
A101,S900,SENS01,824,1484.9,14.45,1.028,24.33,191.0,112.9,56.5,Safe,82.5
A101,S900,SENS01,825,1375.8,13.08,1.052,23.77,202.7,143.6,65.3,Safe,105.5
A101,S900,SENS01,826,1277.3,13.36,0.956,26.15,207.9,130.3,67.1,Safe,98.3
A101,S900,SENS01,827,1165.6,10.85,1.074,23.28,195.1,134.1,61.4,Safe,98.0
A101,S900,SENS01,828,1053.4,9.26,1.138,21.97,192.0,142.4,60.5,Safe,99.1
A101,S900,SENS01,829,946.6,9.01,1.05,23.8,199.9,139.4,58.6,Safe,98.9
A101,S900,SENS01,830,842.6,7.84,1.074,23.27,210.3,115.7,78.0,Safe,96.9
A101,S900,SENS01,831,735.8,7.12,1.033,24.21,212.2,118.1,59.5,Safe,88.0
A101,S900,SENS01,832,631.8,6.26,1.009,24.79,186.0,128.5,68.6,Safe,97.5
A101,S900,SENS01,833,537.6,5.6,0.959,26.06,214.1,142.7,67.5,Safe,103.8
A101,S900,SENS01,834,425.2,3.93,1.083,23.08,197.1,112.7,59.0,Safe,87.8
A101,S900,SENS01,835,327.8,3.24,1.012,24.7,199.9,134.1,68.1,Safe,101.8
A101,S900,SENS01,836,218.3,2.03,1.074,23.28,211.2,124.0,58.4,Safe,88.3
A101,S900,SENS01,837,121.6,1.26,0.965,25.92,206.9,120.8,71.5,Warning,96.9
A101,S900,SENS01,838,26.7,0.28,0.954,26.21,187.0,134.1,70.2,Urgent,103.6
A101,S900,SENS01,839,2428.3,25.42,0.955,26.17,185.2,125.7,66.7,Safe,95.8
A101,S900,SENS01,840,2313.1,20.6,1.123,22.26,191.5,140.9,61.5,Safe,102.1
A101,S900,SENS01,841,2205.9,21.22,1.04,24.05,195.0,127.8,76.9,Safe,100.5
A101,S900,SENS01,842,2101.7,20.85,1.008,24.8,211.5,118.9,55.1,Safe,86.3
A101,S900,SENS01,843,2002.0,19.35,1.035,24.16,213.7,143.4,57.9,Safe,98.8
A101,S900,SENS01,844,1903.7,18.61,1.023,24.44,204.7,131.0,64.2,Safe,95.0
A101,S900,SENS01,845,1806.0,17.78,1.016,24.61,204.3,126.9,61.4,Safe,93.9
A101,S900,SENS01,846,1716.0,18.95,0.906,27.61,195.4,113.9,60.8,Safe,85.9
A101,S900,SENS01,847,1613.8,15.43,1.046,23.9,186.4,131.9,59.2,Safe,93.9
A101,S900,SENS01,848,1502.5,13.9,1.081,23.12,188.4,129.4,64.0,Safe,97.8
A101,S900,SENS01,849,1394.2,13.43,1.038,24.08,195.4,137.0,66.6,Safe,99.9
A101,S900,SENS01,850,1296.1,13.02,0.996,25.11,199.6,116.7,72.4,Safe,97.3
A101,S900,SENS01,851,1197.5,11.6,1.033,24.21,214.2,143.3,78.0,Safe,108.0
A101,S900,SENS01,852,1098.9,10.65,1.031,24.24,208.7,144.4,58.8,Safe,101.5
A101,S900,SENS01,853,987.9,9.32,1.06,23.58,209.7,123.6,78.9,Safe,101.5
A101,S900,SENS01,854,891.4,8.83,1.009,24.77,202.7,138.1,62.2,Safe,101.9
A101,S900,SENS01,855,783.4,7.5,1.045,23.93,204.0,132.0,67.7,Safe,97.6
A101,S900,SENS01,856,678.9,6.53,1.039,24.06,185.9,126.1,78.1,Safe,101.9
A101,S900,SENS01,857,575.8,5.36,1.075,23.26,188.4,125.3,78.4,Safe,102.1
A101,S900,SENS01,858,474.9,4.72,1.007,24.84,207.6,141.1,63.3,Safe,101.8
A101,S900,SENS01,859,370.7,3.39,1.093,22.88,187.3,138.8,74.0,Safe,108.3
A101,S900,SENS01,860,279.7,2.94,0.951,26.28,195.7,124.3,78.4,Safe,100.5
A101,S900,SENS01,861,181.0,1.8,1.008,24.8,187.7,117.3,75.3,Warning,98.1
A101,S900,SENS01,862,76.2,0.75,1.013,24.68,197.5,137.9,72.7,Urgent,107.7
A101,S900,SENS01,863,2476.4,23.98,1.033,24.21,204.2,135.7,72.7,Safe,103.1
A101,S900,SENS01,864,2373.7,23.06,1.029,24.29,207.9,118.1,78.5,Safe,96.3
A101,S900,SENS01,865,2257.0,19.6,1.152,21.71,195.2,118.6,68.2,Safe,93.6
A101,S900,SENS01,866,2152.2,19.55,1.101,22.71,198.2,134.5,74.4,Safe,105.0
A101,S900,SENS01,867,2048.5,19.25,1.064,23.49,214.2,133.6,68.8,Safe,101.3
A101,S900,SENS01,868,1944.7,19.1,1.018,24.55,195.0,135.9,74.8,Safe,105.9
A101,S900,SENS01,869,1851.1,19.35,0.957,26.13,187.2,136.9,68.0,Safe,102.4
A101,S900,SENS01,870,1754.7,18.85,0.931,26.85,214.0,128.8,56.1,Safe,91.1
A101,S900,SENS01,871,1648.2,15.63,1.054,23.71,206.8,127.5,67.2,Safe,98.9
A101,S900,SENS01,872,1547.5,15.63,0.99,25.25,194.5,126.5,65.0,Safe,97.0
A101,S900,SENS01,873,1439.9,13.06,1.102,22.68,197.2,120.8,62.4,Safe,92.0
A101,S900,SENS01,874,1335.0,12.18,1.096,22.8,204.6,129.9,67.8,Safe,99.9
A101,S900,SENS01,875,1237.0,12.4,0.997,25.07,199.9,128.9,63.7,Safe,94.9
A101,S900,SENS01,876,1144.8,12.17,0.941,26.57,198.6,135.0,64.2,Safe,99.9
A101,S900,SENS01,877,1036.3,9.43,1.099,22.74,199.0,140.5,56.6,Safe,100.4
A101,S900,SENS01,878,928.6,8.8,1.056,23.68,205.2,119.3,73.7,Safe,98.2
A101,S900,SENS01,879,822.9,7.88,1.044,23.95,190.4,126.0,56.5,Safe,92.4
A101,S900,SENS01,880,710.9,6.53,1.089,22.96,190.5,128.0,56.1,Safe,91.5
A101,S900,SENS01,881,606.4,5.75,1.054,23.71,199.2,116.7,58.6,Safe,86.7
A101,S900,SENS01,882,504.0,4.7,1.072,23.33,187.9,127.3,69.5,Safe,101.0
A101,S900,SENS01,883,396.1,3.58,1.108,22.57,206.7,129.1,72.1,Safe,101.5
A101,S900,SENS01,884,295.9,2.9,1.019,24.53,196.9,144.8,56.4,Safe,100.2
A101,S900,SENS01,885,191.5,1.85,1.034,24.18,192.1,112.5,68.5,Warning,91.1
A101,S900,SENS01,886,81.8,0.74,1.104,22.64,205.8,122.7,73.0,Urgent,96.3
A101,S900,SENS01,887,2484.8,24.93,0.997,25.08,204.6,125.7,69.2,Safe,97.7
A101,S900,SENS01,888,2370.2,21.61,1.097,22.8,207.7,123.1,79.5,Safe,102.7
A101,S900,SENS01,889,2266.8,22.12,1.025,24.4,185.9,140.3,63.8,Safe,101.9
A101,S900,SENS01,890,2158.7,20.54,1.051,23.79,204.5,137.5,64.3,Safe,100.5
A101,S900,SENS01,891,2053.8,19.45,1.056,23.68,185.9,111.7,74.8,Safe,92.6
A101,S900,SENS01,892,1949.2,19.52,0.998,25.04,205.7,135.9,66.0,Safe,101.6
A101,S900,SENS01,893,1843.9,17.37,1.061,23.55,195.6,110.2,66.0,Safe,89.7
A101,S900,SENS01,894,1735.4,16.78,1.034,24.17,198.7,142.3,72.3,Safe,109.7
A101,S900,SENS01,895,1635.4,15.59,1.049,23.83,193.6,135.7,74.0,Safe,104.0
A101,S900,SENS01,896,1539.1,16.22,0.949,26.35,197.5,127.4,77.2,Safe,101.9
A101,S900,SENS01,897,1429.4,13.68,1.045,23.92,190.7,115.8,63.4,Safe,88.8
A101,S900,SENS01,898,1338.4,14.47,0.925,27.03,201.7,144.4,57.4,Safe,101.0
A101,S900,SENS01,899,1231.0,11.91,1.034,24.19,196.1,128.1,71.3,Safe,100.4
A101,S900,SENS01,900,1126.8,10.65,1.058,23.62,202.0,123.1,73.2,Safe,96.8
A101,S900,SENS01,901,1025.2,10.52,0.975,25.64,196.0,121.1,63.6,Safe,94.1
A101,S900,SENS01,902,909.6,8.1,1.123,22.26,188.2,139.9,58.5,Safe,99.2
A101,S900,SENS01,903,804.3,7.71,1.043,23.96,196.7,131.8,79.7,Safe,104.7
A101,S900,SENS01,904,690.9,6.39,1.081,23.12,208.7,141.9,57.6,Safe,100.9
A101,S900,SENS01,905,588.3,5.81,1.012,24.7,205.6,136.1,61.7,Safe,97.3
A101,S900,SENS01,906,490.4,4.77,1.028,24.33,187.1,130.6,69.3,Safe,97.7
A101,S900,SENS01,907,391.5,3.97,0.987,25.34,196.5,115.6,74.5,Safe,94.6
A101,S900,SENS01,908,284.2,2.62,1.084,23.07,208.6,130.9,75.1,Safe,103.0
A101,S900,SENS01,909,172.5,1.57,1.097,22.79,206.8,110.0,71.0,Warning,90.8
A101,S900,SENS01,910,69.3,0.66,1.058,23.63,202.5,112.5,64.0,Urgent,88.4
A101,S900,SENS01,911,2477.7,25.93,0.956,26.16,192.8,116.7,63.6,Safe,91.0
A101,S900,SENS01,912,2372.0,22.56,1.052,23.77,201.3,129.4,61.2,Safe,95.5
A101,S900,SENS01,913,2271.6,22.29,1.019,24.53,186.3,120.4,60.9,Safe,91.2
A101,S900,SENS01,914,2159.5,20.04,1.078,23.2,200.5,137.5,75.7,Safe,107.3
A101,S900,SENS01,915,2061.0,20.89,0.987,25.33,185.0,125.8,79.1,Safe,103.8
A101,S900,SENS01,916,1971.1,21.36,0.923,27.1,185.2,138.0,59.9,Safe,99.4
A101,S900,SENS01,917,1875.5,18.98,0.988,25.31,190.6,127.8,61.8,Safe,93.6
A101,S900,SENS01,918,1779.4,17.73,1.003,24.92,207.3,134.9,55.9,Safe,94.3
A101,S900,SENS01,919,1672.6,15.8,1.059,23.61,194.0,111.2,71.6,Safe,91.0
A101,S900,SENS01,920,1563.0,14.61,1.07,23.37,188.6,123.5,61.4,Safe,88.9
A101,S900,SENS01,921,1463.9,14.92,0.981,25.48,195.5,130.3,60.2,Safe,97.4
A101,S900,SENS01,922,1362.3,13.18,1.034,24.19,194.2,139.3,70.7,Safe,103.4
A101,S900,SENS01,923,1249.5,11.18,1.117,22.38,198.6,139.6,69.4,Safe,102.1
A101,S900,SENS01,924,1146.2,11.24,1.019,24.53,209.5,126.5,64.8,Safe,95.7
A101,S900,SENS01,925,1043.2,9.96,1.048,23.86,200.6,130.9,62.8,Safe,96.9
A101,S900,SENS01,926,944.2,9.23,1.023,24.45,190.7,140.4,57.6,Safe,103.1
A101,S900,SENS01,927,836.3,7.9,1.058,23.62,214.2,112.9,79.0,Safe,94.1
A101,S900,SENS01,928,731.5,6.8,1.076,23.23,202.6,123.3,57.1,Safe,91.6
A101,S900,SENS01,929,631.5,6.17,1.023,24.44,186.9,142.2,59.3,Safe,104.1
A101,S900,SENS01,930,526.8,5.04,1.045,23.93,214.0,117.4,55.5,Safe,87.3
A101,S900,SENS01,931,420.0,3.88,1.083,23.09,209.7,134.7,79.2,Safe,107.6
A101,S900,SENS01,932,322.7,3.32,0.973,25.69,208.4,139.3,73.9,Safe,104.2
A101,S900,SENS01,933,223.7,2.36,0.947,26.39,197.2,136.4,63.6,Safe,102.5
A101,S900,SENS01,934,122.3,1.23,0.992,25.19,196.4,129.2,71.9,Warning,105.5
A101,S900,SENS01,935,19.1,0.19,1.015,24.62,206.3,120.2,68.0,Urgent,93.9
A101,S900,SENS01,936,2407.0,20.92,1.15,21.73,188.9,134.3,71.6,Safe,105.1
A101,S900,SENS01,937,2296.5,20.82,1.103,22.67,187.7,127.9,57.6,Safe,92.6
A101,S900,SENS01,938,2184.4,19.25,1.135,22.03,195.4,114.3,77.6,Safe,93.4
A101,S900,SENS01,939,2082.5,19.63,1.061,23.57,210.3,115.9,55.8,Safe,85.6
A101,S900,SENS01,940,1983.8,19.24,1.031,24.25,212.8,111.4,77.2,Safe,95.4
A101,S900,SENS01,941,1875.3,17.86,1.05,23.81,208.8,110.7,71.7,Safe,91.5
A101,S900,SENS01,942,1763.1,16.04,1.099,22.75,213.1,132.7,63.5,Safe,98.0
A101,S900,SENS01,943,1654.7,15.59,1.061,23.55,202.7,125.6,77.3,Safe,101.3
A101,S900,SENS01,944,1548.1,15.19,1.019,24.53,210.4,117.6,63.6,Safe,90.7
A101,S900,SENS01,945,1440.6,13.75,1.047,23.87,201.4,134.6,62.3,Safe,100.0
A101,S900,SENS01,946,1332.9,12.89,1.034,24.18,186.8,136.5,74.1,Safe,106.1
A101,S900,SENS01,947,1240.3,13.38,0.927,26.97,200.9,111.4,63.5,Safe,88.8
A101,S900,SENS01,948,1143.0,11.86,0.964,25.94,207.1,113.6,79.7,Safe,95.7
A101,S900,SENS01,949,1033.9,9.93,1.041,24.0,188.5,128.7,79.9,Safe,106.7
A101,S900,SENS01,950,928.4,9.14,1.015,24.62,203.6,134.0,72.3,Safe,101.5
A101,S900,SENS01,951,826.9,8.21,1.007,24.82,195.3,122.7,56.6,Safe,89.2
A101,S900,SENS01,952,719.1,6.89,1.043,23.97,186.9,114.2,74.1,Safe,94.6
A101,S900,SENS01,953,615.5,5.73,1.074,23.29,203.8,141.5,78.8,Safe,111.3
A101,S900,SENS01,954,520.8,5.54,0.941,26.58,213.8,117.8,71.5,Safe,95.5
A101,S900,SENS01,955,423.7,4.21,1.008,24.81,187.5,123.9,76.3,Safe,100.7
A101,S900,SENS01,956,319.9,2.93,1.09,22.93,201.7,142.3,66.6,Safe,105.6
A101,S900,SENS01,957,223.9,2.43,0.923,27.08,205.1,136.4,75.1,Safe,102.9
A101,S900,SENS01,958,126.9,1.27,1.0,25.0,198.8,110.4,74.0,Warning,92.7
A101,S900,SENS01,959,27.4,0.27,1.006,24.84,201.3,117.6,61.7,Urgent,86.7
A101,S900,SENS01,960,2417.3,22.88,1.056,23.67,190.4,115.5,76.6,Safe,94.5
A101,S900,SENS01,961,2313.8,21.59,1.072,23.33,193.0,136.1,78.9,Safe,108.8
A101,S900,SENS01,962,2204.4,20.49,1.076,23.24,205.8,113.1,55.2,Safe,84.2
A101,S900,SENS01,963,2092.9,18.79,1.114,22.45,191.4,129.4,77.6,Safe,102.2
A101,S900,SENS01,964,1990.4,20.27,0.982,25.45,195.7,143.5,75.6,Safe,109.9
A101,S900,SENS01,965,1880.3,16.71,1.125,22.21,208.3,124.1,71.1,Safe,96.0
A101,S900,SENS01,966,1771.2,16.57,1.069,23.38,207.3,136.0,63.8,Safe,99.3
A101,S900,SENS01,967,1670.6,15.97,1.046,23.89,185.7,121.3,70.8,Safe,93.4
A101,S900,SENS01,968,1565.2,14.63,1.07,23.36,190.7,120.3,80.0,Safe,98.4
A101,S900,SENS01,969,1458.8,13.56,1.076,23.24,188.4,119.7,60.3,Safe,90.2
A101,S900,SENS01,970,1354.7,13.46,1.006,24.84,189.5,131.3,67.2,Safe,100.5
A101,S900,SENS01,971,1256.7,12.64,0.994,25.15,186.6,125.4,57.3,Safe,91.9
A101,S900,SENS01,972,1155.8,11.26,1.026,24.37,208.8,143.5,57.6,Safe,101.8
A101,S900,SENS01,973,1047.2,9.39,1.115,22.43,185.6,115.4,67.5,Safe,91.9
A101,S900,SENS01,974,941.8,9.18,1.026,24.36,195.3,137.2,72.1,Safe,103.1
A101,S900,SENS01,975,839.0,8.2,1.023,24.45,193.6,144.8,65.7,Safe,106.2
A101,S900,SENS01,976,740.4,7.28,1.018,24.57,198.2,140.2,76.6,Safe,111.5
A101,S900,SENS01,977,633.4,5.87,1.079,23.18,209.2,139.3,60.5,Safe,102.9
A101,S900,SENS01,978,524.3,4.77,1.098,22.76,194.8,125.2,69.1,Safe,96.1
A101,S900,SENS01,979,422.7,3.96,1.068,23.4,197.5,112.0,70.0,Safe,86.7
A101,S900,SENS01,980,314.8,3.05,1.031,24.24,205.1,110.5,75.5,Safe,92.9
A101,S900,SENS01,981,217.3,2.26,0.959,26.06,211.2,122.1,79.2,Safe,103.2
A101,S900,SENS01,982,122.7,1.25,0.983,25.44,199.7,113.4,69.4,Warning,92.0
A101,S900,SENS01,983,10.5,0.1,1.098,22.76,204.4,142.6,76.4,Urgent,110.2
A101,S900,SENS01,984,2408.1,22.64,1.064,23.5,188.6,118.1,74.7,Safe,96.4
A101,S900,SENS01,985,2306.6,23.02,1.002,24.95,210.9,115.7,70.8,Safe,92.1
A101,S900,SENS01,986,2205.7,21.68,1.017,24.58,189.6,143.8,62.9,Safe,103.6
A101,S900,SENS01,987,2098.4,20.25,1.036,24.13,203.4,138.7,61.7,Safe,101.4
A101,S900,SENS01,988,1985.1,17.56,1.13,22.12,203.5,130.6,64.1,Safe,96.8
A101,S900,SENS01,989,1884.7,18.21,1.035,24.15,212.6,128.1,72.1,Safe,99.0
A101,S900,SENS01,990,1794.4,19.38,0.926,27.0,205.9,129.9,59.3,Safe,95.3
A101,S900,SENS01,991,1696.1,17.2,0.986,25.36,203.5,139.5,59.3,Safe,100.1
A101,S900,SENS01,992,1593.7,15.73,1.013,24.68,210.7,131.9,79.9,Safe,106.7
A101,S900,SENS01,993,1492.2,14.71,1.015,24.64,188.5,123.5,74.3,Safe,96.9
A101,S900,SENS01,994,1388.3,12.96,1.071,23.34,199.3,114.1,68.6,Safe,92.6
A101,S900,SENS01,995,1274.2,11.09,1.149,21.75,191.6,130.9,58.4,Safe,94.1
A101,S900,SENS01,996,1174.3,11.39,1.031,24.25,192.1,126.0,67.6,Safe,97.0
A101,S900,SENS01,997,1076.8,10.51,1.024,24.41,185.5,142.9,78.8,Safe,111.5
A101,S900,SENS01,998,982.5,10.08,0.975,25.65,212.4,141.3,65.2,Safe,104.3
A101,S900,SENS01,999,880.0,8.21,1.072,23.31,202.9,119.1,61.4,Safe,91.5
A101,S900,SENS01,1000,785.4,8.02,0.98,25.51,208.1,136.2,75.5,Safe,107.2
